fund_year_key,ecode,local_authority,year,fund_type,pension_benefits_paid,lump_sums_retirement,lump_sums_optional,lump_sums_death,other_benefits,transfer_values_out,pensions_act_premiums,admin_and_mgmt_costs,other_expenditure,total_expenditure,contributions_employees,contributions_employers,investment_income,transfer_values_in,other_income,total_income,total_employers,total_contributing_members,total_pensioners,total_deferred_members,total_members,market_value_start_of_year,market_value_end_of_year
E0421_2016-17,E0421,Buckinghamshire,2016-17,fund,81960.0,7001.0,14514.0,2853.0,0.0,12658.0,0.0,17194.0,1172.0,137352.0,28445.0,92354.0,46777.0,14985.0,78.0,182639.0,287.0,23168.0,17560.0,28990.0,69975.0,2213549.0,2695584.0
E5030_2017-18,E5030,Barking & Dagenham,2017-18,fund,31625.0,5376.0,0.0,1239.0,0.0,4216.0,0.0,4708.0,0.0,47164.0,9493.0,35288.0,18618.0,2761.0,0.0,66160.0,37.0,6312.0,5670.0,5803.0,17785.0,916807.0,968376.0
E5044_2017-18,E5044,Merton,2017-18,fund,20516.0,3558.0,0.0,621.0,0.0,2675.0,3.0,1869.0,68.0,29310.0,5719.0,17026.0,12605.0,6748.0,0.0,42098.0,26.0,3919.0,3849.0,5494.0,13336.0,648760.0,660188.0
W7404_2017-18,W7404,Rhondda Cynon Taff UA,2017-18,fund,100161.0,16736.0,0.0,2846.0,0.0,7768.0,37.0,10779.0,221.0,138548.0,26052.0,96902.0,67106.0,21791.0,4.0,211855.0,78.0,22917.0,19014.0,25307.0,67495.0,2982814.0,3203627.0
E5015_2018-19,E5015,Islington,2018-19,fund,47273.0,7364.0,0.0,1603.0,0.0,7466.0,0.0,2938.0,0.0,66644.0,12127.0,34849.0,16393.0,3631.0,2572.0,69572.0,49.0,6284.0,6971.0,8416.0,21690.0,1333985.0,1386879.0
E5032_2018-19,E5032,Bexley,2018-19,fund,26659.0,3728.0,0.0,804.0,0.0,1638.0,0.0,6501.0,0.0,39330.0,5946.0,18599.0,13172.0,1961.0,0.0,39678.0,72.0,5652.0,5575.0,4915.0,16172.0,813677.0,872563.0
E5048_2018-19,E5048,Sutton,2018-19,fund,22023.0,4709.0,0.0,461.0,0.0,39210.0,0.0,6308.0,124.0,72835.0,6072.0,25251.0,7606.0,16050.0,0.0,54979.0,70.0,5551.0,3992.0,4545.0,14088.0,641603.0,663817.0
E6905_2018-19,E6905,West Midlands Pension Fund,2018-19,fund,471100.0,106000.0,0.0,12600.0,4400.0,32700.0,0.0,87400.0,4600.0,718800.0,103000.0,169700.0,237200.0,43500.0,14500.0,567900.0,922.0,121035.0,95991.0,106769.0,323795.0,15419800.0,15714100.0
E0305_2019-20,E0305,Windsor & Maidenhead UA,2019-20,fund,90704.0,10932.0,8625.0,3100.0,0.0,19893.0,0.0,24764.0,639.0,158657.0,28635.0,98477.0,40462.0,14448.0,0.0,182022.0,398.0,27662.0,18544.0,26441.0,72676.0,2156443.0,2034354.0
E0521_2019-20,E0521,Cambridgeshire,2019-20,fund,88520.0,16162.0,0.0,3181.0,0.0,10119.0,0.0,19004.0,0.0,136986.0,27710.0,98761.0,34447.0,6704.0,0.0,167622.0,197.0,30422.0,19640.0,35703.0,85765.0,3192594.0,2997669.0
E1721_2019-20,E1721,Hampshire,2019-20,fund,220205.0,19515.0,19350.0,5836.0,0.0,33187.0,0.0,50698.0,1034.0,349825.0,69558.0,270583.0,104427.0,31081.0,0.0,475649.0,342.0,58913.0,42800.0,75920.0,178539.0,7181881.0,6910480.0
E1821_2019-20,E1821,Worcestershire,2019-20,fund,89314.0,19829.0,0.0,2095.0,911.0,11195.0,9.0,14405.0,1533.0,139291.0,24011.0,63471.0,47897.0,12853.0,216.0,148448.0,287.0,22745.0,18884.0,21882.0,63553.0,2758400.0,2614400.0
E2721_2019-20,E2721,North Yorkshire,2019-20,fund,91010.0,15080.0,10910.0,2670.0,0.0,21597.0,0.0,29197.0,0.0,170464.0,29314.0,90702.0,16441.0,17490.0,0.0,153947.0,281.0,31576.0,24076.0,39280.0,94981.0,3575204.0,3543115.0
E3021_2019-20,E3021,Nottinghamshire,2019-20,fund,171375.0,35699.0,0.0,5050.0,0.0,13657.0,0.0,8631.0,0.0,234412.0,47906.0,137261.0,130163.0,9655.0,0.0,324985.0,494.0,46141.0,38923.0,56068.0,141644.0,5433063.0,5040412.0
E5014_2019-20,E5014,Hammersmith & Fulham,2019-20,fund,34916.0,8407.0,0.0,1095.0,0.0,7225.0,0.0,5866.0,119.0,57628.0,7408.0,26135.0,14642.0,4326.0,0.0,52511.0,94.0,4093.0,5220.0,7042.0,16410.0,1052073.0,1014015.0
E5044_2019-20,E5044,Merton,2019-20,fund,22534.0,3640.0,0.0,401.0,134.0,5461.0,0.0,3364.0,0.0,35534.0,6546.0,18364.0,13011.0,12828.0,0.0,50749.0,33.0,4341.0,4017.0,5960.0,14328.0,707872.0,685130.0
W7702_2019-20,W7702,Swansea UA,2019-20,fund,67763.0,11868.0,0.0,2541.0,0.0,6934.0,0.0,10066.0,166.0,99338.0,19276.0,80425.0,8482.0,4106.0,424.0,112713.0,38.0,20050.0,15025.0,11838.0,46938.0,2044038.0,1995595.0
E0702_2020-21,E0702,Middlesbrough UA,2020-21,fund,123640.0,22947.0,0.0,3198.0,0.0,8158.0,0.0,7483.0,0.0,165426.0,30415.0,64978.0,15299.0,3061.0,5577.0,119330.0,175.0,24238.0,25366.0,23322.0,73620.0,3705473.0,4559448.0
E3021_2020-21,E3021,Nottinghamshire,2020-21,fund,179425.0,31607.0,0.0,5237.0,0.0,13086.0,0.0,8866.0,0.0,238221.0,49638.0,201395.0,84650.0,5581.0,0.0,341264.0,516.0,43483.0,40660.0,60977.0,145647.0,5040412.0,6132086.0
E3820_2020-21,E3820,West Sussex,2020-21,fund,101312.0,7068.0,6965.0,3020.0,0.0,9693.0,0.0,38138.0,430.0,166626.0,31134.0,111955.0,49135.0,8861.0,0.0,201085.0,287.0,26574.0,22217.0,31958.0,80806.0,4301419.0,5483193.0
E4208_2020-21,E4208,Tameside,2020-21,fund,733944.0,125319.0,0.0,22832.0,0.0,32161.0,0.0,39702.0,986.0,954944.0,158377.0,754571.0,464686.0,72673.0,0.0,1450307.0,976.0,112593.0,135268.0,142791.0,390652.0,22034804.0,26890009.0
E3820_2021-22,E3820,West Sussex,2021-22,fund,104111.0,5971.0,7973.0,2385.0,0.0,7008.0,0.0,12801.0,375.0,140624.0,32142.0,111547.0,58083.0,9064.0,102.0,210938.0,287.0,26878.0,22927.0,34768.0,84649.0,5483193.0,5494106.0
E5013_2021-22,E5013,Hackney,2021-22,fund,51261.0,9220.0,0.0,2177.0,0.0,8317.0,0.0,15174.0,97.0,86246.0,14652.0,61452.0,19252.0,5026.0,0.0,100382.0,39.0,7272.0,7797.0,10733.0,25807.0,1844250.0,1964512.0
E5015_2021-22,E5015,Islington,2021-22,fund,51746.0,8399.0,0.0,2308.0,0.0,4518.0,0.0,3114.0,0.0,70085.0,14457.0,32701.0,13081.0,2667.0,2321.0,65227.0,30.0,6712.0,6329.0,8326.0,21367.0,1662118.0,1784423.0
E5030_2021-22,E5030,Barking & Dagenham,2021-22,fund,36366.0,4850.0,0.0,1317.0,0.0,4427.0,0.0,6754.0,103.0,53817.0,10733.0,36590.0,14355.0,3612.0,235.0,65525.0,43.0,6446.0,6575.0,7073.0,20123.0,1263095.0,1341430.0
E5031_2021-22,E5031,Barnet,2021-22,fund,51384.0,10479.0,0.0,1719.0,0.0,5611.0,0.0,13349.0,0.0,82542.0,13073.0,48917.0,9023.0,9247.0,0.0,80260.0,109.0,8778.0,8128.0,12219.0,29128.0,1346834.0,1501627.0
E5044_2021-22,E5044,Merton,2021-22,fund,23818.0,3240.0,0.0,753.0,97.0,20590.0,0.0,2995.0,0.0,51493.0,7251.0,18130.0,16752.0,3264.0,0.0,45397.0,33.0,4546.0,4117.0,6265.0,15025.0,896818.0,924212.0
E0521_2022-23,E0521,Cambridgeshire,2022-23,fund,102737.0,17863.0,0.0,2917.0,0.0,11281.0,0.0,24894.0,0.0,159692.0,33124.0,115791.0,52598.0,18402.0,0.0,219915.0,198.0,28067.0,22414.0,46665.0,97146.0,4305432.0,4231796.0
E5033_2022-23,E5033,Brent,2022-23,fund,41385.0,6066.0,0.0,311.0,0.0,7578.0,0.0,4110.0,0.0,59450.0,10577.0,56928.0,1141.0,6310.0,0.0,74956.0,143.0,6061.0,7160.0,8544.0,21765.0,1133797.0,1120287.0
E5037_2022-23,E5037,Enfield,2022-23,fund,40608.0,7905.0,0.0,965.0,0.0,3625.0,141.0,12485.0,0.0,65729.0,14057.0,42157.0,22223.0,12591.0,0.0,91028.0,42.0,8390.0,6935.0,8208.0,23537.0,1522779.0,1455670.0
E1321_2023-24,E1321,Durham,2023-24,fund,132765.0,28963.0,0.0,4542.0,0.0,13504.0,0.0,11798.0,481.0,192053.0,34700.0,124358.0,23659.0,11661.0,3.0,194381.0,128.0,23903.0,23123.0,18308.0,65421.0,3423986.0,3720784.0
E1821_2023-24,E1821,Worcestershire,2023-24,fund,111846.0,22699.0,0.0,2515.0,760.0,25048.0,6.0,21713.0,0.0,184587.0,30167.0,103134.0,50849.0,15167.0,220.0,199537.0,310.0,22827.0,22262.0,23894.0,69595.0,3557400.0,3911600.0
E2520_2023-24,E2520,Lincolnshire,2023-24,fund,97825.0,20098.0,0.0,2839.0,0.0,6149.0,0.0,13426.0,414.0,140751.0,29683.0,120558.0,14941.0,13006.0,1126.0,179314.0,424.0,25737.0,28652.0,29393.0,83814.0,3025747.0,3401775.0
E3421_2023-24,E3421,Staffordshire,2023-24,fund,187579.0,40362.0,0.0,4477.0,0.0,12746.0,0.0,24963.0,698.0,270825.0,44436.0,240537.0,85706.0,10579.0,585.0,381843.0,702.0,34413.0,42190.0,42815.0,119476.0,6655086.0,7547206.0
E5034_2023-24,E5034,Bromley,2023-24,fund,35035.0,4429.0,0.0,992.0,0.0,4370.0,0.0,4199.0,0.0,49025.0,9602.0,28040.0,20844.0,3775.0,1488.0,63749.0,134.0,6538.0,6167.0,8419.0,21131.0,1271111.0,1388480.0
E5041_2023-24,E5041,Hillingdon,2023-24,fund,49125.0,4235.0,5955.0,1240.0,0.0,8734.0,0.0,13474.0,0.0,82763.0,12506.0,45642.0,16225.0,51642.0,0.0,126015.0,131.0,9928.0,8326.0,12026.0,30343.0,1180397.0,1361382.0
E5049_2023-24,E5049,Waltham Forest,2023-24,fund,47226.0,9399.0,0.0,1251.0,356.0,10077.0,0.0,7030.0,0.0,75339.0,12850.0,51926.0,19403.0,9112.0,0.0,93291.0,108.0,7364.0,8413.0,10525.0,26414.0,1000437.0,1074039.0
E6906_2023-24,E6906,West Yorkshire Superannuation Fund,2023-24,fund,547482.0,124426.0,0.0,17522.0,0.0,27164.0,0.0,14421.0,2384.0,733399.0,158637.0,362480.0,571926.0,46694.0,0.0,1139737.0,885.0,107101.0,111721.0,103706.0,322859.0,17973118.0,19262148.0
E5016_2024-25,E5016,Kensington & Chelsea,2024-25,fund,37953.0,7012.0,0.0,1107.0,0.0,9883.0,0.0,7539.0,9.0,63503.0,11300.0,13252.0,17552.0,13988.0,591.0,56683.0,65.0,3906.0,3922.0,5429.0,13314.0,1810568.0,1826051.0
E5020_2024-25,E5020,Tower Hamlets,2024-25,fund,65243.0,15647.0,0.0,1719.0,0.0,14427.0,0.0,15208.0,232.0,112476.0,16988.0,67915.0,24525.0,5717.0,0.0,115145.0,30.0,8134.0,7608.0,8446.0,24188.0,2145152.0,2191921.0
E5039_2024-25,E5039,Harrow,2024-25,fund,40566.0,0.0,8618.0,786.0,0.0,8767.0,0.0,4762.0,106.0,63605.0,9022.0,30421.0,14100.0,4836.0,277.0,58656.0,52.0,5847.0,7398.0,7013.0,20258.0,1055754.0,1076795.0
E1920_2016-17,E1920,Hertfordshire,2016-17,fund,117876.0,25347.0,0.0,2863.0,0.0,9041.0,321.0,14786.0,629.0,170863.0,34359.0,131199.0,40052.0,14492.0,4.0,220106.0,469.0,34531.0,25761.0,38534.0,99033.0,3584249.71988,4243370.64867
E1821_2016-17,E1821,Worcestershire,2016-17,fund,77341.0,9575.0,6466.0,2082.0,0.0,6938.0,80.0,8266.0,0.0,110748.0,21957.0,85818.0,29349.0,8003.0,0.0,145127.0,245.0,21759.0,16926.0,20087.0,58794.0,1928700.0,2465326.0
E2321_2016-17,E2321,Lancashire,2016-17,fund,207300.0,48200.0,0.0,5600.0,0.0,15000.0,0.0,49600.0,700.0,326400.0,55500.0,190000.0,109900.0,10900.0,0.0,366300.0,287.0,55915.0,46058.0,65241.0,167309.0,6036228.0,7209369.0
E3520_2016-17,E3520,Suffolk,2016-17,fund,72365.0,13052.0,0.0,1366.0,0.0,4152.0,0.0,15654.0,162.0,106751.0,20074.0,88624.0,32550.0,2474.0,15.0,143737.0,210.0,19954.0,15074.0,23438.0,58466.0,2213195.0,2648665.0
E3620_2016-17,E3620,Surrey,2016-17,fund,114054.0,19023.0,0.0,3355.0,0.0,6409.0,285.0,14467.0,1068.0,158661.0,38096.0,154706.0,62306.0,6848.0,0.0,261956.0,271.0,34411.0,24129.0,36565.0,95313.0,3223663.0,3868859.0
E5030_2016-17,E5030,Barking & Dagenham,2016-17,fund,29872.0,8786.0,0.0,1271.0,0.0,3030.0,0.0,4469.0,0.0,47428.0,9363.0,36193.0,6039.0,4293.0,0.0,55888.0,32.0,6477.0,5483.0,5672.0,17653.0,772297.0,916807.0
E5038_2016-17,E5038,Haringey,2016-17,fund,37194.0,8040.0,0.0,1989.0,87.0,3575.0,0.0,4646.0,4.0,55535.0,9341.0,37908.0,4146.0,2839.0,0.0,54234.0,63.0,6162.0,7508.0,8769.0,22444.0,1046277.0,1307484.0
E0702_2017-18,E0702,Middlesbrough UA,2017-18,fund,105370.0,23403.0,0.0,2771.0,0.0,10516.0,0.0,4807.0,0.0,146867.0,26180.0,63590.0,107394.0,4981.0,5684.0,207829.0,268.0,22747.0,22757.0,23243.0,69295.0,3859589.0,3896453.0
E2421_2017-18,E2421,Leicestershire,2017-18,fund,115032.0,31806.0,0.0,3049.0,0.0,21500.0,0.0,6426.0,0.0,177813.0,38372.0,139137.0,42900.0,8342.0,0.0,228751.0,257.0,33047.0,26489.0,30676.0,91782.0,3880796.0,4083300.0
E5020_2017-18,E5020,Tower Hamlets,2017-18,fund,42711.0,11522.0,0.0,1670.0,0.0,4761.0,0.0,3760.0,274.0,64698.0,10819.0,76161.0,18114.0,5966.0,0.0,111060.0,35.0,6448.0,6086.0,7698.0,20281.0,1367677.0,1480656.0
E6901_2017-18,E6901,London Pensions Fund Auth,2017-18,fund,212289.0,30562.0,0.0,2841.0,0.0,16144.0,0.0,47779.0,684.0,310299.0,39096.0,141808.0,95114.0,165434.0,0.0,441452.0,372.0,18594.0,34890.0,32620.0,86145.0,5305175.0,5654274.0
E0702_2018-19,E0702,Middlesbrough UA,2018-19,fund,113219.0,25463.0,0.0,2915.0,0.0,12194.0,0.0,8266.0,0.0,162057.0,27191.0,67338.0,55311.0,4972.0,4656.0,159468.0,154.0,22149.0,23983.0,23361.0,70068.0,3896453.0,4088095.0
E2321_2018-19,E2321,Lancashire,2018-19,fund,226522.0,42963.0,0.0,5820.0,0.0,15766.0,0.0,76300.0,0.0,367371.0,58641.0,112248.0,193500.0,11050.0,0.0,375439.0,300.0,53143.0,49197.0,73990.0,176476.0,7621167.0,8410100.0
E3021_2018-19,E3021,Nottinghamshire,2018-19,fund,162268.0,34937.0,0.0,4495.0,0.0,34732.0,0.0,9152.0,0.0,245584.0,46216.0,135001.0,161922.0,9473.0,0.0,352612.0,497.0,46950.0,36630.0,54812.0,138849.0,5173542.0,5433063.0
E5018_2018-19,E5018,Lewisham,2018-19,fund,42220.0,3710.0,4551.0,843.0,0.0,4133.0,0.0,2830.0,510.0,58797.0,9712.0,31990.0,6168.0,4453.0,201.0,52524.0,44.0,6726.0,7759.0,11469.0,25964.0,1303526.0,1386727.0
E5022_2018-19,E5022,Westminster,2018-19,fund,45610.0,6839.0,0.0,625.0,196.0,4919.0,0.0,5823.0,0.0,64012.0,8982.0,45363.0,12194.0,6897.0,48.0,73484.0,46.0,4038.0,5865.0,7797.0,17761.0,1330079.0,1408360.0
E5036_2018-19,E5036,Ealing,2018-19,fund,38879.0,8671.0,0.0,498.0,0.0,4665.0,0.0,4420.0,241.0,57374.0,10347.0,38830.0,36078.0,3547.0,90.0,88892.0,38.0,7173.0,7418.0,8412.0,23003.0,1202957.0,1260264.0
E5037_2018-19,E5037,Enfield,2018-19,fund,34195.0,6485.0,0.0,1286.0,0.0,5008.0,108.0,9442.0,0.0,56524.0,10151.0,37028.0,12181.0,4009.0,0.0,63369.0,36.0,7768.0,5818.0,6404.0,19997.0,1099002.0,1185500.0
W7002_2018-19,W7002,Flintshire UA,2018-19,fund,59825.0,5143.0,6767.0,1891.0,0.0,6625.0,0.0,25208.0,0.0,105459.0,15519.0,57255.0,13357.0,4379.0,1553.0,92063.0,76.0,16400.0,12948.0,17074.0,46438.0,1785499.0,1866775.0
E5040_2019-20,E5040,Havering,2019-20,fund,32387.0,5012.0,0.0,1370.0,0.0,3162.0,0.0,3975.0,110.0,46016.0,7362.0,38450.0,10076.0,5951.0,0.0,61839.0,50.0,6492.0,6410.0,6174.0,19076.0,733391.0,728696.0
E5049_2019-20,E5049,Waltham Forest,2019-20,fund,37775.0,8027.0,0.0,736.0,0.0,5950.0,0.0,10194.0,0.0,62682.0,9426.0,16143.0,12117.0,5037.0,604.0,43327.0,139.0,6932.0,7666.0,9886.0,24497.0,922312.0,855305.0
W7204_2019-20,W7204,Torfaen UA,2019-20,fund,98166.0,23251.0,0.0,2880.0,0.0,6512.0,15.0,10503.0,260.0,141587.0,27738.0,97421.0,18884.0,7939.0,4631.0,156613.0,100.0,24148.0,18299.0,18621.0,61120.0,2928976.0,2727601.0
E3520_2020-21,E3520,Suffolk,2020-21,fund,86796.0,13230.0,0.0,1346.0,0.0,7256.0,0.0,11518.0,0.0,120146.0,23187.0,98923.0,36300.0,4119.0,0.0,162529.0,324.0,21702.0,17540.0,30636.0,69878.0,2808454.0,3398416.0
E5018_2020-21,E5018,Lewisham,2020-21,fund,45729.0,5905.0,0.0,1983.0,0.0,5351.0,0.0,2791.0,242.0,62001.0,10822.0,35439.0,17462.0,3605.0,347.0,67675.0,38.0,6928.0,8089.0,10377.0,25399.0,1352208.0,1601078.0
E5037_2020-21,E5037,Enfield,2020-21,fund,37222.0,6488.0,0.0,664.0,0.0,4554.0,85.0,12063.0,0.0,61076.0,12055.0,36976.0,13214.0,5454.0,0.0,67699.0,40.0,8392.0,6361.0,7596.0,22352.0,1149819.0,1406032.0
E0421_2021-22,E0421,Buckinghamshire,2021-22,fund,103893.0,20223.0,0.0,3485.0,0.0,16708.0,0.0,17136.0,0.0,161445.0,35149.0,117126.0,14719.0,16524.0,104.0,183622.0,396.0,25424.0,22001.0,32387.0,80200.0,3628709.0,3913170.0
E2321_2021-22,E2321,Lancashire,2021-22,fund,252853.0,44588.0,0.0,8854.0,0.0,14393.0,0.0,167956.0,0.0,488644.0,67656.0,93801.0,200063.0,15873.0,0.0,377393.0,308.0,56311.0,54447.0,72983.0,183956.0,9605306.0,10711506.0
E3021_2021-22,E3021,Nottinghamshire,2021-22,fund,186770.0,34297.0,0.0,6945.0,0.0,8893.0,0.0,10234.0,0.0,247139.0,51127.0,165539.0,93852.0,5860.0,0.0,316378.0,530.0,44299.0,42715.0,62501.0,150074.0,6132086.0,6601284.0
E5017_2021-22,E5017,Lambeth,2021-22,fund,50604.0,6926.0,0.0,1962.0,0.0,6441.0,0.0,9850.0,0.0,75783.0,11092.0,44642.0,44539.0,2648.0,0.0,102921.0,28.0,4953.0,7805.0,8617.0,21376.0,1787746.0,1841796.0
E5019_2021-22,E5019,Southwark,2021-22,fund,53130.0,9588.0,0.0,2417.0,0.0,6652.0,0.0,8973.0,263.0,81023.0,15030.0,44399.0,5367.0,8419.0,3422.0,76637.0,88.0,6700.0,8001.0,9209.0,24145.0,1948624.0,2125356.0
E1920_2022-23,E1920,Hertfordshire,2022-23,fund,153982.0,23366.0,0.0,2972.0,0.0,14519.0,0.0,30092.0,0.0,224931.0,46971.0,166476.0,69215.0,12337.0,1.0,295000.0,514.0,42564.0,32198.0,45219.0,120320.0,6159478.0,5744466.0
E5035_2022-23,E5035,Croydon,2022-23,fund,51781.0,8579.0,0.0,2064.0,193.0,17893.0,0.0,16398.0,0.0,96908.0,15075.0,50081.0,9792.0,7945.0,0.0,82893.0,137.0,9635.0,9341.0,11688.0,30804.0,1727895.0,1676873.0
E5049_2022-23,E5049,Waltham Forest,2022-23,fund,41737.0,7314.0,0.0,1802.0,149.0,6613.0,0.0,9070.0,0.0,66685.0,11711.0,26720.0,17878.0,8621.0,0.0,64930.0,106.0,7087.0,8356.0,10649.0,26195.0,1047865.0,1000437.0
W7404_2022-23,W7404,Rhondda Cynon Taff UA,2022-23,fund,117196.0,22563.0,0.0,2741.0,0.0,7642.0,0.0,13396.0,0.0,163538.0,34416.0,115937.0,50851.0,7870.0,4.0,209078.0,93.0,24865.0,22136.0,30051.0,77403.0,4510186.0,4256362.0
W9999_2023-24,W9999,Wales,2023-24,national_total,685484.0,129101.0,31321.0,25737.0,0.0,52921.0,2.0,125683.0,3858.0,1054107.0,205124.0,647792.0,378594.0,54219.0,6247.0,1291976.0,648.0,153366.0,123134.0,135445.0,413455.0,22538900.0,25083775.0
E3221_2023-24,E3221,Shropshire,2023-24,fund,79602.0,16026.0,0.0,1966.0,0.0,6927.0,0.0,21145.0,243.0,125909.0,20584.0,63025.0,11187.0,7573.0,0.0,102369.0,226.0,16444.0,15109.0,18356.0,50014.0,2244087.0,2503176.0
E3820_2023-24,E3820,West Sussex,2023-24,fund,121692.0,8274.0,11455.0,4923.0,0.0,15645.0,0.0,30271.0,612.0,192872.0,38163.0,122318.0,137314.0,12917.0,4.0,310716.0,330.0,26880.0,24059.0,38182.0,89252.0,5343924.0,5793818.0
E5030_2023-24,E5030,Barking & Dagenham,2023-24,fund,41697.0,7170.0,0.0,895.0,0.0,5739.0,0.0,5828.0,259.0,61588.0,12342.0,41512.0,31683.0,6216.0,177.0,91930.0,35.0,6141.0,6551.0,7040.0,19766.0,1315000.0,1449099.0
E5046_2023-24,E5046,Redbridge,2023-24,fund,34322.0,5728.0,0.0,852.0,0.0,6387.0,0.0,3720.0,229.0,51238.0,10186.0,29922.0,21566.0,3263.0,244.0,65181.0,26.0,6700.0,5058.0,9393.0,21151.0,936044.0,1033803.0
E1821_2024-25,E1821,Worcestershire,2024-25,fund,123650.0,29326.0,0.0,3779.0,1168.0,17763.0,1.0,21573.0,0.0,197260.0,31242.0,106294.0,54051.0,13381.0,88.0,205056.0,335.0,23646.0,22858.0,23890.0,71069.0,3911600.0,3960200.0
E1920_2024-25,E1920,Hertfordshire,2024-25,fund,190408.0,40053.0,0.0,5359.0,0.0,23098.0,0.0,30929.0,0.0,289847.0,54469.0,189484.0,86512.0,22195.0,0.0,352660.0,563.0,42620.0,32189.0,47847.0,123100.0,6252236.0,6410805.0
E2820_2024-25,E2820,Northamptonshire,2024-25,fund,107652.0,20773.0,0.0,4201.0,0.0,13944.0,0.0,17237.0,63.0,163870.0,32805.0,117270.0,61148.0,9327.0,0.0,220550.0,160.0,24682.0,20094.0,38396.0,83172.0,3622228.0,3748226.0
E5014_2024-25,E5014,Hammersmith & Fulham,2024-25,fund,48851.0,8581.0,0.0,1187.0,81.0,6370.0,0.0,8260.0,45.0,73375.0,10768.0,33255.0,21426.0,8123.0,0.0,73572.0,108.0,4921.0,6269.0,7216.0,18406.0,1377564.0,1413431.0
E5041_2024-25,E5041,Hillingdon,2024-25,fund,53735.0,3748.0,6137.0,1579.0,0.0,10953.0,0.0,13100.0,0.0,89252.0,13412.0,47254.0,17573.0,6189.0,0.0,84428.0,127.0,9256.0,8584.0,12573.0,30486.0,1361382.0,1406412.0
E0820_2016-17,E0820,Cornwall,2016-17,fund,54120.0,5212.0,4622.0,1514.0,0.0,4209.0,0.0,14014.0,626.0,84317.0,16346.0,69839.0,12619.0,2464.0,16.0,101284.0,159.0,17072.0,12906.0,20391.0,50573.0,1475008.0,1709126.0
E1421_2016-17,E1421,East Sussex,2016-17,fund,101092.0,17007.0,0.0,2677.0,0.0,3626.0,0.0,13591.0,0.0,137993.0,27900.0,93918.0,42669.0,8554.0,0.0,173041.0,190.0,23762.0,18957.0,28661.0,71704.0,2771365.0,3342443.0
E2820_2016-17,E2820,Northamptonshire,2016-17,fund,63867.0,14867.0,0.0,1334.0,0.0,10472.0,0.0,8222.0,53.0,98815.0,19306.0,82129.0,40760.0,4716.0,0.0,146911.0,213.0,20416.0,15016.0,26041.0,61473.0,1855809.0,2256879.0
E5012_2016-17,E5012,Greenwich,2016-17,fund,40877.0,9391.0,8041.0,1008.0,0.0,1220.0,0.0,3856.0,0.0,64393.0,12304.0,33336.0,9905.0,1471.0,0.0,57016.0,68.0,8817.0,6641.0,7198.0,22667.0,1051629.0,1234032.0
E5031_2016-17,E5031,Barnet,2016-17,fund,44603.0,5723.0,0.0,741.0,0.0,5427.0,0.0,4904.0,150.0,61548.0,10962.0,47652.0,1620.0,950.0,0.0,61184.0,97.0,9072.0,7729.0,9672.0,26493.0,902922.0,1039022.0
W7002_2016-17,W7002,Flintshire UA,2016-17,fund,54744.0,4788.0,5790.0,1395.0,0.0,5212.0,0.0,15993.0,374.0,88296.0,14429.0,60819.0,6571.0,2797.0,1191.0,85807.0,73.0,15717.0,11949.0,14473.0,42158.0,1380322.0,1683119.0
W7501_2016-17,W7501,Powys UA,2016-17,fund,20359.0,4090.0,0.0,502.0,0.0,3199.0,13.0,3691.0,61.0,31915.0,4718.0,18798.0,4993.0,1055.0,427.0,29991.0,23.0,5663.0,4330.0,6259.0,16348.0,501778.0,598142.0
E0521_2017-18,E0521,Cambridgeshire,2017-18,fund,78846.0,18573.0,0.0,1926.0,0.0,10126.0,0.0,16954.0,0.0,126425.0,25322.0,103088.0,38142.0,4932.0,0.0,171484.0,208.0,27497.0,18054.0,35265.0,81071.0,2813286.0,2969306.0
E6346_2017-18,E6346,West Midlands PTA,2017-18,fund,25518.0,3538.0,0.0,37.0,3.0,882.0,0.0,951.0,0.0,30929.0,748.0,13442.0,17843.0,0.0,0.0,32033.0,3.0,352.0,3923.0,722.0,4997.0,502884.0,492039.0
W9999_2017-18,W9999,Wales,2017-18,national_total,496686.0,85694.0,18396.0,14823.0,508.0,54907.0,76.0,86901.0,952.0,758943.0,140733.0,546830.0,190751.0,48423.0,6692.0,933429.0,507.0,140714.0,98443.0,118803.0,358750.0,16006032.0,16738188.0
EW001_2017-18,EW001,England & Wales,2017-18,national_total,7986806.0,1473930.0,133552.0,215554.0,4423.0,1656518.0,2650.0,1188762.0,28335.0,12690530.0,2144952.0,9472172.0,4403069.0,1340783.0,52944.0,17413920.0,17051.0,2001320.0,1660189.0,2117000.0,5791985.0,258824611.0,270919153.0
E1121_2018-19,E1121,Devon,2018-19,fund,149688.0,26759.0,0.0,4191.0,0.0,9012.0,30.0,17999.0,705.0,208384.0,38765.0,137431.0,49937.0,6134.0,0.0,232267.0,264.0,37873.0,36666.0,45777.0,121067.0,4086432.0,4302282.0
E1821_2018-19,E1821,Worcestershire,2018-19,fund,84780.0,16469.0,2194.0,2082.0,1283.0,8683.0,7.0,11976.0,1083.0,128557.0,23005.0,58794.0,50227.0,12959.0,588.0,145573.0,273.0,22571.0,18084.0,21391.0,62075.0,2689400.0,2758400.0
E3921_2018-19,E3921,Wiltshire,2018-19,fund,72224.0,15168.0,0.0,2216.0,0.0,3751.0,251.0,21152.0,0.0,114762.0,21105.0,87102.0,11452.0,30507.0,0.0,150166.0,178.0,22505.0,17222.0,37417.0,77180.0,2398479.0,2619920.0
E5014_2018-19,E5014,Hammersmith & Fulham,2018-19,fund,32912.0,7297.0,0.0,870.0,0.0,7726.0,0.0,6199.0,41.0,55045.0,7157.0,25074.0,11967.0,2934.0,1221.0,48353.0,92.0,3908.0,5064.0,7200.0,16190.0,1009623.0,1052073.0
E5038_2018-19,E5038,Haringey,2018-19,fund,40446.0,7916.0,0.0,1412.0,92.0,44317.0,0.0,7448.0,11.0,101642.0,9619.0,34575.0,7236.0,3738.0,0.0,55168.0,64.0,6445.0,7794.0,8733.0,22979.0,1355903.0,1382767.0
W7601_2018-19,W7601,Cardiff UA,2018-19,fund,65790.0,14673.0,677.0,2784.0,0.0,7464.0,0.0,8083.0,188.0,99659.0,18626.0,69768.0,27498.0,11887.0,2825.0,130604.0,45.0,15977.0,11555.0,13265.0,40853.0,2049670.0,2163405.0
E0221_2019-20,E0221,Bedfordshire,2019-20,fund,81388.0,5490.0,10675.0,2075.0,0.0,5580.0,0.0,8740.0,884.0,114832.0,27062.0,110748.0,12457.0,11365.0,23.0,161655.0,178.0,22493.0,18139.0,31452.0,72105.0,2299040.0,2209404.0
E0421_2019-20,E0421,Buckinghamshire,2019-20,fund,95975.0,20532.0,0.0,2513.0,0.0,9311.0,0.0,16474.0,879.0,145684.0,32034.0,84587.0,40526.0,12403.0,0.0,169550.0,351.0,24313.0,20317.0,30493.0,75127.0,2999700.0,2902913.0
E1321_2019-20,E1321,Durham,2019-20,fund,107103.0,22017.0,0.0,1999.0,0.0,12152.0,0.0,15589.0,404.0,159264.0,26192.0,79837.0,30524.0,8910.0,4.0,145467.0,127.0,20901.0,20109.0,16420.0,57492.0,2982039.0,2786247.0
E5011_2019-20,E5011,Camden,2019-20,fund,52936.0,10307.0,0.0,1367.0,0.0,10175.0,1.0,14280.0,1036.0,90102.0,12574.0,55095.0,22950.0,9453.0,707.0,100779.0,83.0,5839.0,7420.0,8963.0,22241.0,1656542.0,1545841.0
E0820_2020-21,E0820,Cornwall,2020-21,fund,66365.0,7441.0,6598.0,1490.0,0.0,3972.0,0.0,17434.0,324.0,103624.0,18832.0,77075.0,10786.0,6093.0,3.0,112789.0,218.0,18104.0,17687.0,21118.0,57235.0,1914100.0,2222204.0
E0920_2020-21,E0920,Cumbria,2020-21,fund,76874.0,6554.0,6335.0,2146.0,0.0,6138.0,0.0,18714.0,0.0,116761.0,19177.0,68549.0,48501.0,4129.0,0.0,140356.0,124.0,17370.0,17402.0,23535.0,58411.0,2573878.0,3067207.0
E2721_2020-21,E2721,North Yorkshire,2020-21,fund,95919.0,12588.0,9715.0,3322.0,0.0,8397.0,0.0,31446.0,0.0,161387.0,31194.0,101888.0,4213.0,10575.0,0.0,147870.0,325.0,31213.0,25523.0,39707.0,96485.0,3541535.0,4487810.0
E5031_2020-21,E5031,Barnet,2020-21,fund,49480.0,8469.0,0.0,984.0,0.0,3418.0,0.0,11308.0,36.0,73695.0,11898.0,67085.0,5954.0,4066.0,0.0,89003.0,96.0,8184.0,7605.0,11014.0,26803.0,1079433.0,1346834.0
W7102_2020-21,W7102,Carmarthenshire UA,2020-21,fund,75109.0,2318.0,9409.0,2947.0,0.0,3595.0,0.0,15186.0,0.0,108564.0,21599.0,62455.0,32187.0,3196.0,0.0,119437.0,91.0,18605.0,14532.0,15865.0,49014.0,2377619.0,3041244.0
W7204_2020-21,W7204,Torfaen UA,2020-21,fund,101405.0,18349.0,0.0,3048.0,0.0,5619.0,-10.0,11069.0,190.0,139670.0,29178.0,100038.0,31446.0,3932.0,1085.0,165679.0,100.0,24487.0,18718.0,18685.0,61942.0,2727601.0,3557240.0
W7320_2020-21,W7320,Gwynedd,2020-21,fund,50411.0,10807.0,0.0,1160.0,0.0,2960.0,0.0,22669.0,92.0,88099.0,18671.0,59581.0,30768.0,3356.0,4.0,112380.0,76.0,18370.0,10799.0,12480.0,41995.0,1938337.0,2528129.0
E0305_2021-22,E0305,Windsor & Maidenhead UA,2021-22,fund,98371.0,12382.0,7544.0,4263.0,857.0,23037.0,0.0,15055.0,0.0,161509.0,31542.0,116642.0,34584.0,9791.0,48.0,192607.0,421.0,27537.0,20983.0,28454.0,77177.0,2400207.0,2695037.0
E3520_2021-22,E3520,Suffolk,2021-22,fund,89790.0,13418.0,0.0,2748.0,0.0,7030.0,0.0,14247.0,631.0,127864.0,25389.0,99633.0,35392.0,10625.0,0.0,171039.0,331.0,22279.0,18410.0,31152.0,71841.0,3398416.0,3756428.0
E5037_2021-22,E5037,Enfield,2021-22,fund,38392.0,7591.0,0.0,906.0,0.0,4584.0,166.0,12471.0,0.0,64110.0,12846.0,39054.0,16664.0,2984.0,0.0,71548.0,42.0,8331.0,6579.0,7848.0,22761.0,1406033.0,1524045.0
E5038_2021-22,E5038,Haringey,2021-22,fund,44433.0,8143.0,0.0,1530.0,209.0,5927.0,0.0,9559.0,34.0,69835.0,11529.0,38343.0,17256.0,6593.0,0.0,73721.0,100.0,6334.0,8313.0,8834.0,23493.0,1638253.0,1803329.0
E6902_2021-22,E6902,Merseyside Pension Fund,2021-22,fund,299729.0,28142.0,35145.0,8927.0,0.0,13828.0,0.0,47128.0,418.0,433317.0,63390.0,137770.0,324682.0,225296.0,0.0,751138.0,213.0,46636.0,55254.0,42553.0,144547.0,9943828.0,11000903.0
W7204_2021-22,W7204,Torfaen UA,2021-22,fund,104299.0,22490.0,0.0,3380.0,0.0,8058.0,0.0,12002.0,262.0,150491.0,30823.0,104926.0,34209.0,8631.0,1175.0,179764.0,100.0,24976.0,19474.0,18963.0,63452.0,3557240.0,3768067.0
E1021_2022-23,E1021,Derbyshire,2022-23,fund,155695.0,12168.0,20173.0,6431.0,0.0,14801.0,0.0,33136.0,709.0,243113.0,46802.0,155843.0,71587.0,17144.0,0.0,291376.0,392.0,37829.0,33787.0,34918.0,107572.0,6132085.0,5922701.0
E3720_2022-23,E3720,Warwickshire,2022-23,fund,74300.0,16000.0,0.0,2500.0,300.0,9200.0,0.0,21000.0,0.0,123300.0,21900.0,71200.0,22600.0,12400.0,0.0,128100.0,325.0,18264.0,16668.0,21517.0,56712.0,2781500.0,2729000.0
E5011_2022-23,E5011,Camden,2022-23,fund,54221.0,9361.0,0.0,1835.0,241.0,9747.0,0.0,17070.0,351.0,92826.0,13879.0,40935.0,24038.0,6264.0,114.0,85230.0,84.0,5520.0,7501.0,9375.0,22551.0,2226668.0,1925519.0
E5012_2022-23,E5012,Greenwich,2022-23,fund,51806.0,3568.0,8552.0,1883.0,0.0,5164.0,0.0,5715.0,237.0,76925.0,15867.0,42462.0,20834.0,6371.0,0.0,85534.0,89.0,8794.0,8194.0,9560.0,26562.0,1635315.0,1584265.0
E5044_2022-23,E5044,Merton,2022-23,fund,25235.0,4075.0,0.0,605.0,209.0,4782.0,0.0,4377.0,0.0,39283.0,8093.0,19570.0,18602.0,4113.0,0.0,50378.0,33.0,4397.0,4248.0,6548.0,15300.0,924212.0,841304.0
E6902_2022-23,E6902,Merseyside Pension Fund,2022-23,fund,313088.0,29320.0,34262.0,9072.0,0.0,16600.0,0.0,45917.0,0.0,448259.0,69539.0,135484.0,251711.0,18489.0,0.0,475223.0,223.0,48865.0,56713.0,43429.0,149140.0,11000899.0,10412686.0
E6906_2022-23,E6906,West Yorkshire Superannuation Fund,2022-23,fund,487149.0,102880.0,0.0,16537.0,0.0,27814.0,0.0,13606.0,1840.0,649826.0,146290.0,381697.0,498917.0,36686.0,0.0,1063590.0,846.0,110697.0,107392.0,100458.0,318797.0,17979466.0,17973118.0
G008_2022-23,G008,Environment Agency Active Pension Fund,2022-23,fund,89744.0,16537.0,0.0,2344.0,257.0,3105.0,0.0,22138.0,59.0,134184.0,31131.0,67309.0,54240.0,7678.0,0.0,160358.0,3.0,12962.0,8082.0,8410.0,29454.0,4537382.0,4294089.0
G008-1_2022-23,G008-1,Environment Agency Closed Pension Fund,2022-23,fund,41624.0,1248.0,0.0,24.0,0.0,15.0,0.0,863.0,0.0,43774.0,0.0,43629.0,2373.0,0.0,0.0,46002.0,1.0,0.0,9324.0,692.0,10016.0,328913.0,267187.0
E0621_2023-24,E0621,Cheshire,2023-24,fund,192989.0,38288.0,0.0,5640.0,0.0,12753.0,0.0,27683.0,538.0,277891.0,48059.0,169228.0,40457.0,15265.0,0.0,273009.0,341.0,48063.0,35047.0,31625.0,114735.0,6265627.0,6636726.0
E1021_2023-24,E1021,Derbyshire,2023-24,fund,175977.0,14292.0,26732.0,5531.0,0.0,26709.0,0.0,33299.0,784.0,283324.0,50938.0,175731.0,91047.0,12463.0,0.0,330179.0,416.0,37311.0,35142.0,35828.0,109356.0,5922701.0,6464170.0
E2620_2023-24,E2620,Norfolk,2023-24,fund,153087.0,23418.0,0.0,4309.0,0.0,6746.0,410.0,37607.0,13900.0,239477.0,41678.0,156159.0,100669.0,10118.0,0.0,308624.0,586.0,32880.0,30965.0,42425.0,106345.0,4879621.0,5318592.0
W7002_2023-24,W7002,Flintshire UA,2023-24,fund,78691.0,4233.0,10674.0,3573.0,0.0,5669.0,0.0,32813.0,0.0,135653.0,21808.0,58660.0,35158.0,5493.0,0.0,121119.0,90.0,17379.0,15738.0,14636.0,48147.0,2302598.0,2480720.0
EW001_2024-25,EW001,England and Wales,2024-25,national_total,12353119.0,2380447.0,271182.0,339574.0,16002.0,1380476.0,1737.0,2298626.0,58377.0,19099540.0,3228307.0,10108356.0,6990181.0,1344673.0,92081.0,21763598.0,22103.0,2169634.0,2181402.0,2484226.0,6860120.0,391640133.0,402321213.0
E0421_2024-25,E0421,Buckinghamshire,2024-25,fund,133778.0,25080.0,0.0,3250.0,0.0,23013.0,0.0,32685.0,0.0,217806.0,46168.0,145166.0,29750.0,26824.0,0.0,247908.0,474.0,26602.0,24814.0,33306.0,84755.0,4164235.0,4310921.0
E1221_2024-25,E1221,Dorset UA,2024-25,fund,147340.0,31218.0,0.0,3272.0,0.0,27123.0,0.0,22204.0,508.0,231665.0,36372.0,138248.0,21937.0,22951.0,0.0,219508.0,345.0,26704.0,28448.0,27557.0,82779.0,3919774.0,4085317.0
E3320_2024-25,E3320,Somerset,2024-25,fund,110927.0,21589.0,0.0,2934.0,0.0,15136.0,0.0,13121.0,1016.0,164723.0,27844.0,107849.0,11956.0,11952.0,2710.0,162311.0,234.0,20044.0,21541.0,29772.0,71987.0,3177829.0,3257095.0
E3421_2024-25,E3421,Staffordshire,2024-25,fund,203962.0,46859.0,0.0,5937.0,0.0,19271.0,1.0,27149.0,713.0,303892.0,47249.0,177605.0,93890.0,25902.0,481.0,345127.0,748.0,34477.0,44118.0,42372.0,121007.0,7547206.0,7724653.0
E5015_2024-25,E5015,Islington,2024-25,fund,66641.0,10834.0,0.0,1093.0,0.0,18853.0,0.0,12478.0,0.0,109899.0,17651.0,48355.0,36202.0,12882.0,2404.0,117494.0,30.0,7050.0,7216.0,8636.0,22921.0,1934881.0,2038216.0
G008-1_2024-25,G008-1,Environment Agency Closed Pension Fund,2024-25,fund,40614.0,915.0,0.0,53.0,0.0,0.0,0.0,1144.0,0.0,42726.0,0.0,40891.0,3999.0,0.0,0.0,44890.0,1.0,0.0,8293.0,497.0,8790.0,263523.0,240060.0
E0621_2016-17,E0621,Cheshire,2016-17,fund,136865.0,25980.0,0.0,3679.0,0.0,13112.0,0.0,28336.0,670.0,208642.0,35239.0,151192.0,34307.0,10589.0,0.0,231327.0,254.0,39638.0,26641.0,27161.0,93440.0,4144078.0,4980312.0
E3720_2016-17,E3720,Warwickshire,2016-17,fund,57090.0,13704.0,0.0,1378.0,0.0,4814.0,0.0,9109.0,293.0,86388.0,16616.0,55174.0,26829.0,7403.0,0.0,106022.0,220.0,16713.0,12488.0,17024.0,46237.0,1665063.0,1978808.0
E5037_2016-17,E5037,Enfield,2016-17,fund,30239.0,8390.0,0.0,1440.0,0.0,909.0,129.0,8170.0,0.0,49277.0,9614.0,31067.0,9852.0,181.0,0.0,50714.0,31.0,7532.0,5282.0,4972.0,17796.0,916311.0,1079275.0
E5040_2016-17,E5040,Havering,2016-17,fund,29166.0,7071.0,0.0,172.0,0.0,3775.0,0.0,3925.0,81.0,44190.0,6910.0,32383.0,6458.0,1623.0,0.0,47374.0,40.0,6217.0,6101.0,6196.0,18514.0,572941.0,671379.0
E5043_2016-17,E5043,Kingston upon Thames,2016-17,fund,23554.0,4581.0,0.0,586.0,0.0,2492.0,0.0,4295.0,0.0,35508.0,7776.0,30172.0,7145.0,1540.0,0.0,46633.0,28.0,5898.0,4195.0,5043.0,15138.0,647112.0,791753.0
E6902_2016-17,E6902,Merseyside Pension Fund,2016-17,fund,247864.0,27869.0,24763.0,6405.0,465.0,18571.0,257.0,38315.0,0.0,364509.0,53238.0,155276.0,166728.0,11568.0,0.0,386810.0,182.0,47144.0,48727.0,38389.0,134344.0,6849753.0,8178479.0
W7102_2016-17,W7102,Carmarthenshire UA,2016-17,fund,61761.0,2228.2015199999987,10870.798480000001,1834.0,0.0,3452.0,0.0,7371.0,0.0,87517.0,17815.0,52056.0,31508.0,1889.0,0.0,103268.0,87.0,18406.0,11870.0,15146.0,45440.0,1895380.0,2335178.0
E3221_2017-18,E3221,Shropshire,2017-18,fund,56515.0,8337.0,0.0,1272.0,0.0,5249.0,0.0,14607.0,218.0,86198.0,14049.0,64083.0,24935.0,6005.0,0.0,109072.0,174.0,16360.0,11806.0,17259.0,45658.0,1768270.0,1833816.0
E5013_2017-18,E5013,Hackney,2017-18,fund,42565.0,8796.0,0.0,1172.0,0.0,5580.0,0.0,8729.0,174.0,67016.0,12164.0,62737.0,15683.0,8079.0,0.0,98663.0,35.0,6936.0,6633.0,9344.0,22913.0,1358592.0,1439864.0
E5017_2017-18,E5017,Lambeth,2017-18,fund,44996.0,5734.0,0.0,716.0,108.0,5466.0,0.0,2285.0,143.0,59448.0,8876.0,37802.0,42917.0,2264.0,0.0,91859.0,22.0,5362.0,7206.0,8299.0,20895.0,1346377.0,1377391.0
E5018_2017-18,E5018,Lewisham,2017-18,fund,40420.0,2008.0,4672.0,1039.0,0.0,4438.0,0.0,1929.0,332.0,54838.0,9211.0,30417.0,6594.0,6136.0,639.0,52997.0,25.0,6812.0,7644.0,9769.0,24238.0,1274569.0,1303526.0
E5049_2017-18,E5049,Waltham Forest,2017-18,fund,34197.0,6621.0,0.0,1044.0,0.0,5891.0,0.0,9879.0,0.0,57632.0,8119.0,36739.0,16535.0,5983.0,0.0,67376.0,128.0,5883.0,7272.0,9490.0,22653.0,807085.0,842433.0
E6903_2017-18,E6903,South Yorkshire Pensions Fund,2017-18,fund,213384.0,50013.0,37.0,6888.0,0.0,28375.0,50.0,28544.0,554.0,327845.0,55192.0,243436.0,193655.0,20044.0,5796.0,518123.0,486.0,52412.0,49982.0,53428.0,156881.0,7649847.0,8030353.0
E6905_2017-18,E6905,West Midlands Pension Fund,2017-18,fund,445500.0,98800.0,0.0,11600.0,700.0,36400.0,0.0,66800.0,4600.0,664400.0,111600.0,1094300.0,241000.0,25600.0,14500.0,1487000.0,861.0,118093.0,91741.0,103565.0,313399.0,14294400.0,15419800.0
E1521_2018-19,E1521,Essex,2018-19,fund,200611.0,38334.0,0.0,5599.0,687.0,30304.0,33.0,48921.0,4647.0,329136.0,57799.0,181987.0,92287.0,10796.0,2423.0,345292.0,659.0,54137.0,42290.0,70409.0,166836.0,6518883.0,7027288.0
E2721_2018-19,E2721,North Yorkshire,2018-19,fund,85199.0,14966.0,6285.0,2532.0,0.0,10968.0,0.0,27742.0,0.0,147692.0,28295.0,84786.0,17260.0,13542.0,0.0,143883.0,213.0,32044.0,22665.0,37778.0,92550.0,3328566.0,3575204.0
E5016_2018-19,E5016,Kensington & Chelsea,2018-19,fund,25744.0,4955.0,0.0,852.0,0.0,5612.0,0.0,2900.0,195.0,40258.0,6935.0,16837.0,7079.0,7641.0,276.0,38768.0,33.0,3461.0,3073.0,5765.0,12331.0,1081774.0,1188585.0
E5042_2018-19,E5042,Hounslow,2018-19,fund,31064.0,6812.0,0.0,1305.0,0.0,3587.0,0.0,4300.0,0.0,47068.0,8550.0,28381.0,26264.0,2023.0,0.0,65218.0,85.0,6040.0,6423.0,10042.0,22508.0,957794.0,1038982.0
E5044_2018-19,E5044,Merton,2018-19,fund,21548.0,3755.0,0.0,513.0,0.0,5082.0,48.0,2179.0,112.0,33237.0,6105.0,17348.0,8014.0,18933.0,0.0,50400.0,30.0,4049.0,3916.0,5832.0,13847.0,660188.0,707872.0
E6346_2018-19,E6346,West Midlands PTA,2018-19,fund,26286.0,3415.0,0.0,378.0,8.0,0.0,0.0,1059.0,0.0,31146.0,692.0,13274.0,17267.0,0.0,0.0,31233.0,3.0,313.0,3975.0,654.0,4942.0,492039.0,491713.0
E6906_2018-19,E6906,West Yorkshire Superannuation Fund,2018-19,fund,394445.0,99393.0,0.0,12623.0,0.0,38864.0,0.0,10006.0,1581.0,556912.0,116256.0,300693.0,438585.0,26491.0,0.0,882025.0,785.0,100060.0,89873.0,100251.0,290398.0,13566633.0,14363041.0
E0702_2019-20,E0702,Middlesbrough UA,2019-20,fund,119302.0,24257.0,0.0,2700.0,0.0,13683.0,0.0,7433.0,0.0,167375.0,29915.0,69507.0,40980.0,8546.0,3985.0,152933.0,181.0,23438.0,23488.0,24651.0,72229.0,4088095.0,3705473.0
E5018_2019-20,E5018,Lewisham,2019-20,fund,44347.0,4696.0,5030.0,1080.0,0.0,5314.0,0.0,3593.0,250.0,64310.0,10369.0,34003.0,14952.0,10708.0,1103.0,71135.0,52.0,6754.0,8016.0,11860.0,26638.0,1386727.0,1352208.0
E5022_2019-20,E5022,Westminster,2019-20,fund,47628.0,6687.0,0.0,406.0,1496.0,7480.0,0.0,6834.0,0.0,70531.0,10105.0,54244.0,16259.0,8267.0,1716.0,90591.0,49.0,4075.0,6069.0,7591.0,17802.0,1408360.0,1319740.0
E1521_2020-21,E1521,Essex,2020-21,fund,219711.0,30649.0,0.0,6948.0,1294.0,9826.0,0.0,58191.0,4236.0,330855.0,64677.0,249049.0,96539.0,21226.0,2533.0,434024.0,700.0,54650.0,46186.0,70946.0,171782.0,6627625.0,8739136.0
E1721_2020-21,E1721,Hampshire,2020-21,fund,229754.0,17854.0,17644.0,5413.0,0.0,13838.0,0.0,53871.0,793.0,339167.0,73431.0,423807.0,102060.0,13748.0,0.0,613046.0,337.0,59000.0,44624.0,78834.0,183410.0,6910480.0,9072815.0
E2620_2020-21,E2620,Norfolk,2020-21,fund,125997.0,19534.0,0.0,3442.0,0.0,4683.0,323.0,28966.0,0.0,182945.0,33058.0,130437.0,73699.0,13944.0,0.0,251138.0,535.0,30096.0,27370.0,37106.0,94733.0,3621120.0,4527097.0
E3120_2020-21,E3120,Oxfordshire,2020-21,fund,78221.0,11944.0,0.0,1544.0,0.0,9779.0,0.0,13766.0,247.0,115501.0,25303.0,88289.0,10503.0,20407.0,87.0,144589.0,178.0,20239.0,16802.0,28905.0,66294.0,2363352.0,2969961.0
E5015_2020-21,E5015,Islington,2020-21,fund,50422.0,7082.0,0.0,1745.0,0.0,8404.0,0.0,2837.0,0.0,70490.0,13533.0,57141.0,16340.0,5021.0,2399.0,94434.0,31.0,6524.0,6168.0,8289.0,20981.0,1356191.0,1662118.0
E5020_2020-21,E5020,Tower Hamlets,2020-21,fund,49418.0,9016.0,0.0,2555.0,0.0,3712.0,0.0,12812.0,213.0,77726.0,13383.0,53298.0,21008.0,6512.0,0.0,94201.0,35.0,7230.0,6698.0,7993.0,21921.0,1519562.0,1956107.0
E5034_2020-21,E5034,Bromley,2020-21,fund,29819.0,4595.0,0.0,631.0,74.0,2188.0,0.0,3639.0,0.0,40946.0,7390.0,24359.0,21372.0,2409.0,0.0,55530.0,123.0,6163.0,5655.0,6901.0,18724.0,1000994.0,1288267.0
E6903_2020-21,E6903,South Yorkshire Pensions Fund,2020-21,fund,250114.0,56345.0,0.0,7872.0,0.0,16507.0,0.0,64658.0,363.0,395859.0,63014.0,214140.0,68114.0,20726.0,5662.0,371656.0,533.0,51050.0,55829.0,58511.0,166869.0,8170401.0,9862073.0
E0521_2021-22,E0521,Cambridgeshire,2021-22,fund,96636.0,19444.0,0.0,2226.0,0.0,8754.0,0.0,25633.0,0.0,152693.0,30628.0,104015.0,30719.0,11532.0,0.0,176894.0,213.0,28911.0,21324.0,42384.0,92635.0,3898235.0,4305432.0
E5033_2021-22,E5033,Brent,2021-22,fund,39656.0,6104.0,0.0,1058.0,0.0,5699.0,0.0,4300.0,0.0,56817.0,9685.0,54393.0,1150.0,6779.0,0.0,72007.0,141.0,6039.0,6966.0,8467.0,21472.0,1030695.0,1133804.0
E5036_2021-22,E5036,Ealing,2021-22,fund,42822.0,7168.0,0.0,1474.0,0.0,4165.0,0.0,5186.0,0.0,60815.0,12106.0,31584.0,24751.0,6121.0,694.0,75256.0,40.0,7405.0,7795.0,10043.0,25289.0,1473142.0,1546190.0
E5040_2021-22,E5040,Havering,2021-22,fund,32880.0,3923.0,0.0,748.0,0.0,4537.0,0.0,5474.0,81.0,47643.0,8111.0,41001.0,14977.0,4204.0,0.0,68293.0,56.0,6675.0,6548.0,6689.0,19912.0,874235.0,920083.0
W9999_2021-22,W9999,Wales,2021-22,national_total,581515.0,90289.0,22671.0,17791.0,0.0,40521.0,0.0,112606.0,955.0,866348.0,172342.0,590143.0,233962.0,44352.0,3792.0,1044591.0,630.0,147465.0,113676.0,128592.0,391001.0,21741580.0,23215899.0
E0221_2022-23,E0221,Bedfordshire,2022-23,fund,92012.0,16934.0,0.0,3290.0,0.0,15685.0,0.0,10438.0,0.0,138359.0,32124.0,117393.0,23051.0,12858.0,0.0,185426.0,222.0,23715.0,20840.0,33727.0,78298.0,2977055.0,3027711.0
E0621_2022-23,E0621,Cheshire,2022-23,fund,173099.0,31497.0,0.0,4817.0,0.0,15760.0,0.0,26152.0,514.0,251839.0,44725.0,161348.0,34801.0,12896.0,0.0,253770.0,328.0,44600.0,33616.0,32304.0,110520.0,6967980.0,6265627.0
E5022_2022-23,E5022,Westminster,2022-23,fund,51752.0,6675.0,0.0,1344.0,445.0,9505.0,0.0,13064.0,0.0,82785.0,13060.0,31645.0,19074.0,7321.0,381.0,71481.0,60.0,4853.0,6493.0,7111.0,18528.0,1858363.0,1790022.0
E5030_2022-23,E5030,Barking & Dagenham,2022-23,fund,37846.0,5200.0,0.0,868.0,0.0,7633.0,0.0,6578.0,0.0,58125.0,11650.0,40016.0,26080.0,2681.0,39.0,80466.0,41.0,6004.0,6392.0,7023.0,19452.0,1341430.0,1315000.0
E5031_2022-23,E5031,Barnet,2022-23,fund,53542.0,9584.0,0.0,1788.0,0.0,9944.0,0.0,14768.0,0.0,89626.0,14079.0,52800.0,4037.0,6072.0,0.0,76988.0,105.0,9729.0,8587.0,10398.0,28714.0,1501627.0,1465127.0
E0221_2023-24,E0221,Bedfordshire,2023-24,fund,102676.0,19762.0,0.0,3660.0,0.0,20799.0,0.0,23579.0,0.0,170476.0,34536.0,166163.0,34418.0,17421.0,0.0,252538.0,228.0,24355.0,21719.0,34887.0,80979.0,3014306.0,3468273.0
E1721_2023-24,E1721,Hampshire,2023-24,fund,282939.0,25206.0,32236.0,7169.0,0.0,29831.0,-3.0,78932.0,1605.0,457915.0,91930.0,467080.0,177663.0,19926.0,0.0,756599.0,357.0,61110.0,54552.0,90089.0,206866.0,8964568.0,9963098.0
E2820_2023-24,E2820,Northamptonshire,2023-24,fund,98086.0,17684.0,0.0,2161.0,0.0,13638.0,0.0,15315.0,27.0,146911.0,29712.0,106754.0,36953.0,19182.0,0.0,192601.0,162.0,24595.0,19132.0,38585.0,82312.0,3249999.0,3622228.0
E3120_2023-24,E3120,Oxfordshire,2023-24,fund,95768.0,16071.0,0.0,2954.0,0.0,11482.0,0.0,22676.0,652.0,149603.0,31331.0,104601.0,24259.0,17260.0,21.0,177472.0,169.0,22208.0,19308.0,31646.0,73610.0,3170152.0,3541434.0
W7320_2023-24,W7320,Gwynedd,2023-24,fund,62931.0,16841.0,0.0,3159.0,0.0,5068.0,0.0,15042.0,0.0,103041.0,23500.0,70778.0,47956.0,8575.0,3.0,150812.0,79.0,19283.0,12455.0,14552.0,46729.0,2762129.0,3069995.0
E0305_2024-25,E0305,Windsor & Maidenhead UA,2024-25,fund,126358.0,16914.0,5748.0,5369.0,588.0,28156.0,0.0,33510.0,0.0,216643.0,39032.0,142196.0,54933.0,30312.0,0.0,266473.0,410.0,29492.0,23166.0,29867.0,82780.0,3032839.0,3117368.0
E2421_2024-25,E2421,Leicestershire,2024-25,fund,180600.0,54800.0,0.0,6400.0,0.0,20900.0,0.0,51500.0,0.0,314200.0,56800.0,246700.0,117600.0,6800.0,0.0,427900.0,332.0,40502.0,35378.0,32162.0,109987.0,6391500.0,6697600.0
E5035_2024-25,E5035,Croydon,2024-25,fund,62801.0,11628.0,0.0,1481.0,0.0,16057.0,0.0,15514.0,319.0,107800.0,16840.0,58373.0,22027.0,10144.0,0.0,107384.0,146.0,9989.0,10187.0,11690.0,32034.0,1859978.0,1963127.0
E5036_2024-25,E5036,Ealing,2024-25,fund,54598.0,11544.0,0.0,1444.0,0.0,10953.0,0.0,6066.0,191.0,84796.0,15236.0,48387.0,35682.0,10568.0,1217.0,111090.0,34.0,9228.0,8530.0,10650.0,28559.0,1665460.0,1713677.0
E5049_2024-25,E5049,Waltham Forest,2024-25,fund,50981.0,10257.0,0.0,1010.0,285.0,7816.0,0.0,11515.0,0.0,81864.0,13260.0,54973.0,22485.0,7494.0,0.0,98212.0,107.0,7327.0,8706.0,10669.0,26829.0,1074039.0,1091485.0
E6901_2024-25,E6901,London Pensions Fund Auth,2024-25,fund,287504.0,37720.0,0.0,6700.0,458.0,35966.0,753.0,92583.0,0.0,461684.0,52520.0,109519.0,256055.0,22929.0,0.0,441023.0,116.0,22958.0,36919.0,40775.0,100652.0,8030651.0,8076680.0
E1321_2016-17,E1321,Durham,2016-17,fund,93285.0,23344.0,0.0,2167.0,0.0,6898.0,0.0,11877.0,372.0,137943.0,23279.0,83436.0,26122.0,4974.0,3.0,137814.0,117.0,18302.0,18139.0,15104.0,51583.0,2321217.0,2692455.0
E2101_2016-17,E2101,Isle of Wight UA,2016-17,fund,17061.0,2837.0,0.0,204.0,0.0,82.0,0.0,2213.0,71.0,22468.0,3554.0,14260.0,8432.0,40.0,521.0,26807.0,39.0,3753.0,4192.0,7176.0,15121.0,480295.0,566340.0
E2721_2016-17,E2721,North Yorkshire,2016-17,fund,76846.0,0.0,0.0,3664.0,0.0,9547.0,0.0,16486.0,0.0,106543.0,26413.0,100837.0,18330.0,11959.0,0.0,157539.0,158.0,34119.0,20633.0,32447.0,87556.0,2417833.0,3035836.0
E5019_2016-17,E5019,Southwark,2016-17,fund,44118.0,11960.0,0.0,1289.0,0.0,2768.0,40.0,5096.0,94.0,65365.0,12109.0,40103.0,14149.0,3577.0,0.0,69938.0,46.0,6792.0,7187.0,7795.0,21833.0,1256382.0,1494992.0
E5033_2016-17,E5033,Brent,2016-17,fund,32954.0,6975.0,0.0,226.0,0.0,4451.0,0.0,3823.0,0.0,48429.0,8308.0,40288.0,4706.0,2359.0,0.0,55661.0,69.0,6444.0,6420.0,8014.0,20905.0,675937.0,803625.0
E5044_2016-17,E5044,Merton,2016-17,fund,19746.0,3387.0,0.0,267.0,0.0,1430.0,-15.0,1854.0,88.0,26757.0,5762.0,17413.0,11575.0,2748.0,0.0,37498.0,25.0,3960.0,3726.0,5239.0,12985.0,529190.0,648760.0
E5045_2016-17,E5045,Newham,2016-17,fund,40256.0,7447.0,0.0,1473.0,0.0,7340.0,0.0,4413.0,293.0,61222.0,11901.0,45154.0,16597.0,3346.0,0.0,76998.0,40.0,8027.0,7128.0,10361.0,25516.0,1105491.0,1335123.0
E6346_2016-17,E6346,West Midlands PTA,2016-17,fund,24985.0,3167.0,0.0,617.0,8.0,147.0,0.0,866.0,0.0,29790.0,861.0,11297.0,18326.0,59.0,0.0,30543.0,3.0,402.0,3891.0,779.0,5072.0,460865.0,502884.0
E6904_2016-17,E6904,Tyne and Wear Superannuation Fund,2016-17,fund,222114.0,63603.0,0.0,7859.0,25.0,14746.0,230.0,36568.0,0.0,345145.0,53748.0,236410.0,90098.0,7004.0,18.0,387278.0,238.0,44749.0,45014.0,40585.0,131258.0,6427370.0,7950644.0
E0621_2017-18,E0621,Cheshire,2017-18,fund,141305.0,27591.0,0.0,3593.0,0.0,20278.0,0.0,30826.0,586.0,224179.0,36062.0,183254.0,33792.0,14007.0,0.0,267115.0,283.0,40529.0,27764.0,28532.0,96825.0,4980312.0,5355219.0
E1321_2017-18,E1321,Durham,2017-18,fund,96884.0,23094.0,0.0,2332.0,0.0,10932.0,0.0,17124.0,347.0,150713.0,23583.0,132812.0,28093.0,6453.0,3.0,190944.0,114.0,19171.0,18617.0,15746.0,53581.0,2692455.0,2801739.0
E3620_2017-18,E3620,Surrey,2017-18,fund,119064.0,21606.0,0.0,3399.0,0.0,9257.0,270.0,13848.0,1032.0,168476.0,38121.0,140163.0,65751.0,12881.0,0.0,256916.0,300.0,37023.0,24911.0,45131.0,107307.0,3868859.0,4055883.0
E5041_2017-18,E5041,Hillingdon,2017-18,fund,33721.0,7607.0,0.0,675.0,0.0,3297.0,0.0,7332.0,0.0,52632.0,9920.0,32909.0,15289.0,34362.0,0.0,92480.0,140.0,9206.0,6632.0,9174.0,25039.0,956707.0,1012303.0
E6904_2017-18,E6904,Tyne and Wear Superannuation Fund,2017-18,fund,231773.0,48531.0,0.0,5936.0,12.0,22271.0,46.0,48660.0,0.0,357229.0,53781.0,291085.0,88094.0,13192.0,17.0,446169.0,262.0,45465.0,46514.0,41083.0,134035.0,7950644.0,8274488.0
E0421_2018-19,E0421,Buckinghamshire,2018-19,fund,90860.0,15508.0,5702.0,1889.0,0.0,11736.0,0.0,16237.0,804.0,142736.0,30129.0,107131.0,47693.0,11349.0,0.0,196302.0,334.0,23949.0,19431.0,30632.0,74048.0,2822149.0,2999700.0
E2820_2018-19,E2820,Northamptonshire,2018-19,fund,74602.0,13014.0,0.0,2080.0,0.0,6395.0,0.0,10100.0,0.0,106191.0,21479.0,85839.0,44950.0,5856.0,0.0,158124.0,290.0,22634.0,16144.0,27472.0,66250.0,2321566.0,2509797.0
E3221_2018-19,E3221,Shropshire,2018-19,fund,59051.0,9366.0,0.0,1661.0,0.0,8060.0,0.0,13975.0,191.0,92304.0,14728.0,44402.0,25788.0,6350.0,0.0,91268.0,195.0,16112.0,11953.0,17925.0,46075.0,1833816.0,1915301.0
E3820_2018-19,E3820,West Sussex,2018-19,fund,94127.0,16938.0,0.0,2448.0,298.0,8606.0,0.0,17835.0,2769.0,143021.0,27454.0,102858.0,60164.0,4317.0,5.0,194798.0,241.0,28061.0,19881.0,27235.0,75191.0,4104276.0,4374121.0
E4208_2018-19,E4208,Tameside,2018-19,fund,670179.0,115419.0,0.0,18016.0,0.0,41310.0,30.0,32505.0,1627.0,879086.0,145922.0,447440.0,427014.0,337622.0,0.0,1357998.0,903.0,111618.0,129140.0,136466.0,377224.0,22496545.0,23843623.0
E5030_2018-19,E5030,Barking & Dagenham,2018-19,fund,33053.0,6376.0,0.0,787.0,0.0,2765.0,0.0,5957.0,0.0,48938.0,9582.0,35988.0,9759.0,2372.0,0.0,57701.0,33.0,6565.0,5937.0,6713.0,19240.0,968376.0,1021903.0
E5040_2018-19,E5040,Havering,2018-19,fund,31572.0,5574.0,0.0,688.0,0.0,3175.0,0.0,5523.0,120.0,46652.0,7219.0,36506.0,10831.0,1633.0,0.0,56189.0,49.0,6717.0,6473.0,6544.0,19734.0,707108.0,733391.0
E9999_2018-19,E9999,England,2018-19,national_total,7909860.0,1478187.0,132133.0,222187.0,9037.0,874763.0,1544.0,1231095.0,31075.0,11889881.0,2057735.0,6607517.0,4230615.0,1082540.0,184363.0,14162770.0,17499.0,1838594.0,1628905.0,2097267.0,5577679.0,254210874.0,269426057.0
E5021_2019-20,E5021,Wandsworth,2019-20,fund,67042.0,11375.0,54.0,1154.0,0.0,18581.0,0.0,9338.0,439.0,107983.0,15607.0,49269.0,39732.0,8632.0,0.0,113240.0,64.0,11209.0,10414.0,18204.0,39832.0,2382509.0,2158714.0
E5037_2019-20,E5037,Enfield,2019-20,fund,35827.0,6684.0,0.0,266.0,0.0,5044.0,129.0,9156.0,0.0,57106.0,11078.0,39965.0,11960.0,3971.0,0.0,66974.0,35.0,7911.0,6118.0,7467.0,21502.0,1185500.0,1149819.0
E5042_2019-20,E5042,Hounslow,2019-20,fund,34312.0,11435.0,0.0,982.0,0.0,5335.0,396.0,5660.0,0.0,58120.0,9046.0,29147.0,26143.0,5770.0,0.0,70106.0,87.0,6639.0,7102.0,9949.0,23691.0,1038982.0,958072.0
E5048_2019-20,E5048,Sutton,2019-20,fund,22926.0,3884.0,0.0,703.0,0.0,5258.0,0.0,6015.0,153.0,38939.0,6555.0,25979.0,9955.0,6565.0,0.0,49054.0,59.0,5987.0,4151.0,4760.0,14898.0,663817.0,640066.0
E2101_2020-21,E2101,Isle of Wight UA,2020-21,fund,19783.0,2208.0,0.0,378.0,0.0,629.0,0.0,7166.0,128.0,30292.0,4149.0,16038.0,19112.0,585.0,180.0,40064.0,46.0,4356.0,5073.0,7282.0,16718.0,568432.0,695385.0
E5022_2020-21,E5022,Westminster,2020-21,fund,49146.0,7375.0,0.0,1302.0,651.0,5602.0,0.0,10087.0,0.0,74163.0,10854.0,46660.0,8656.0,3678.0,9.0,69857.0,57.0,4412.0,6223.0,6956.0,17658.0,1319740.0,1747353.0
E5046_2020-21,E5046,Redbridge,2020-21,fund,28970.0,33430.0,0.0,905.0,0.0,5287.0,0.0,3807.0,0.0,72399.0,8105.0,27752.0,7670.0,405.0,5.0,43937.0,28.0,5492.0,4671.0,8337.0,18500.0,759424.0,961408.0
W7002_2020-21,W7002,Flintshire UA,2020-21,fund,65188.0,3923.0,5531.0,2654.0,0.0,5924.0,0.0,21924.0,0.0,105144.0,17177.0,63692.0,17804.0,3415.0,0.0,102088.0,88.0,17469.0,13899.0,17262.0,48962.0,1777439.0,2226208.0
W7601_2020-21,W7601,Cardiff UA,2020-21,fund,71463.0,10014.0,514.0,2413.0,0.0,3817.0,0.0,8189.0,86.0,96496.0,21174.0,69615.0,9762.0,3510.0,269.0,104330.0,43.0,16981.0,12175.0,13719.0,42907.0,2014226.0,2510075.0
E9999_2020-21,E9999,England,2020-21,national_total,8656243.0,1363020.0,126305.0,249400.0,6954.0,735164.0,904.0,1570903.0,22284.0,12731177.0,2277866.0,9753009.0,3460990.0,783216.0,41967.0,16317048.0,18382.0,1852661.0,1739387.0,2139529.0,5746753.0,255570833.0,315375528.0
E2820_2021-22,E2820,Northamptonshire,2021-22,fund,83863.0,16665.0,0.0,2885.0,0.0,9696.0,0.0,15964.0,0.0,129073.0,24668.0,98109.0,28920.0,12203.0,0.0,163900.0,318.0,24055.0,17696.0,34759.0,76519.0,3103490.0,3367746.0
E3620_2021-22,E3620,Surrey,2021-22,fund,143247.0,22114.0,0.0,5317.0,0.0,16148.0,0.0,14628.0,0.0,201454.0,44228.0,149412.0,24532.0,33289.0,0.0,251461.0,411.0,35113.0,29420.0,49849.0,114708.0,5013019.0,5357594.0
W7102_2021-22,W7102,Carmarthenshire UA,2021-22,fund,77001.0,1492.0,12682.0,1227.0,0.0,3534.0,0.0,14411.0,0.0,110347.0,22847.0,66168.0,32138.0,4196.0,0.0,125349.0,92.0,18643.0,15342.0,16214.0,50216.0,3041244.0,3236677.0
E0101_2022-23,E0101,Bath & North East Somerset,2022-23,fund,168770.0,25402.0,0.0,3649.0,0.0,14572.0,0.0,25338.0,0.0,237731.0,51286.0,151568.0,61908.0,15070.0,0.0,279832.0,695.0,40769.0,38666.0,44713.0,124276.0,5821992.0,5389210.0
E1121_2022-23,E1121,Devon,2022-23,fund,176799.0,27720.0,0.0,3826.0,0.0,9097.0,21.0,28635.0,1003.0,247101.0,49905.0,141245.0,39115.0,13253.0,0.0,243518.0,308.0,39989.0,39497.0,48899.0,129417.0,5411982.0,5312831.0
E2101_2022-23,E2101,Isle of Wight UA,2022-23,fund,21096.0,3470.0,0.0,758.0,0.0,2794.0,0.0,6021.0,136.0,34275.0,4780.0,18332.0,16055.0,2143.0,187.0,41497.0,50.0,4452.0,5550.0,7268.0,17276.0,723602.0,685348.0
E2620_2022-23,E2620,Norfolk,2022-23,fund,137276.0,20599.0,0.0,2899.0,0.0,6392.0,441.0,31433.0,0.0,199040.0,38193.0,146765.0,76068.0,11626.0,0.0,272652.0,565.0,31994.0,29742.0,40839.0,102632.0,4912180.0,4879621.0
E2721_2022-23,E2721,North Yorkshire,2022-23,fund,106333.0,14418.0,11499.0,3321.0,0.0,15295.0,0.0,38343.0,0.0,189209.0,35595.0,110233.0,12744.0,18654.0,0.0,177226.0,336.0,30539.0,28902.0,40383.0,99886.0,4634453.0,4220724.0
E5017_2022-23,E5017,Lambeth,2022-23,fund,55157.0,10176.0,0.0,1846.0,0.0,8331.0,0.0,9185.0,0.0,84695.0,11707.0,45264.0,40028.0,7250.0,0.0,104249.0,31.0,4875.0,8215.0,8423.0,21517.0,1841796.0,1698315.0
E5045_2022-23,E5045,Newham,2022-23,fund,52879.0,9425.0,303.0,824.0,0.0,8474.0,0.0,8516.0,344.0,80765.0,16979.0,29988.0,22347.0,7011.0,0.0,76325.0,54.0,9760.0,8314.0,12641.0,30715.0,1709945.0,1699987.0
E5046_2022-23,E5046,Redbridge,2022-23,fund,31283.0,5926.0,0.0,538.0,0.0,7268.0,0.0,3939.0,118.0,49072.0,9464.0,31806.0,13878.0,6307.0,135.0,61590.0,28.0,6412.0,4963.0,9352.0,20727.0,1009952.0,936044.0
E6904_2022-23,E6904,Tyne and Wear Superannuation Fund,2022-23,fund,356148.0,71683.0,0.0,7535.0,5.0,14740.0,0.0,65027.0,0.0,515138.0,81836.0,243492.0,125335.0,11260.0,426.0,462349.0,322.0,61508.0,65638.0,51069.0,179834.0,12747109.0,12455399.0
W7002_2022-23,W7002,Flintshire UA,2022-23,fund,70631.0,4506.0,9848.0,2913.0,0.0,5972.0,0.0,28701.0,0.0,122571.0,20006.0,71565.0,34269.0,6244.0,0.0,132084.0,90.0,17581.0,15078.0,14458.0,47483.0,2490795.0,2302598.0
W7601_2022-23,W7601,Cardiff UA,2022-23,fund,76139.0,14195.0,770.0,3338.0,0.0,5416.0,0.0,6586.0,106.0,106550.0,24885.0,84513.0,42484.0,4364.0,1264.0,157510.0,93.0,17647.0,14510.0,19408.0,51599.0,2693177.0,2635408.0
W9999_2022-23,W9999,Wales,2022-23,national_total,612772.0,101613.0,24073.0,20732.0,6357.0,32030.0,0.0,107962.0,906.0,906445.0,189550.0,652218.0,271872.0,45697.0,2285.0,1161622.0,639.0,152396.0,119769.0,132914.0,406445.0,23194115.0,22538900.0
E1121_2023-24,E1121,Devon,2023-24,fund,196531.0,32612.0,0.0,5464.0,0.0,14592.0,0.0,35188.0,1405.0,285792.0,53438.0,178207.0,51146.0,23345.0,0.0,306136.0,294.0,38864.0,40872.0,49885.0,130706.0,5312831.0,5913796.0
E5038_2023-24,E5038,Haringey,2023-24,fund,52380.0,10721.0,0.0,1946.0,0.0,12113.0,0.0,6931.0,215.0,84306.0,13305.0,44387.0,21549.0,8924.0,0.0,88165.0,61.0,6413.0,8885.0,9054.0,24361.0,1708178.0,1871059.0
E6903_2023-24,E6903,South Yorkshire Pensions Fund,2023-24,fund,304524.0,72738.0,0.0,8374.0,0.0,29107.0,0.0,85193.0,883.0,500819.0,78097.0,309652.0,72118.0,29755.0,4519.0,494141.0,566.0,51726.0,61652.0,64654.0,179903.0,10201980.0,10984042.0
E6905_2023-24,E6905,West Midlands Pension Fund,2023-24,fund,646400.0,77200.0,0.0,11200.0,1600.0,17500.0,0.0,125800.0,1300.0,881000.0,154000.0,610000.0,121700.0,16100.0,13000.0,914800.0,1275.0,117779.0,116824.0,112609.0,347292.0,19626000.0,21219900.0
W7404_2023-24,W7404,Rhondda Cynon Taff UA,2023-24,fund,130805.0,30529.0,0.0,5371.0,0.0,10765.0,2.0,14645.0,246.0,192363.0,36969.0,115960.0,86524.0,8606.0,4.0,248063.0,93.0,25082.0,23042.0,30116.0,78630.0,4256362.0,4711849.0
E5011_2024-25,E5011,Camden,2024-25,fund,65018.0,10630.0,0.0,1182.0,225.0,5922.0,0.0,15551.0,0.0,98528.0,16626.0,48311.0,40533.0,8403.0,18992.0,132865.0,84.0,6126.0,7830.0,9430.0,23578.0,2097699.0,2171111.0
E5021_2024-25,E5021,Wandsworth,2024-25,fund,85994.0,15460.0,0.0,1235.0,0.0,13441.0,0.0,14202.0,716.0,131048.0,20942.0,63171.0,62732.0,9699.0,0.0,156544.0,73.0,11295.0,11631.0,20429.0,43521.0,3077875.0,3154832.0
E5043_2024-25,E5043,Kingston upon Thames,2024-25,fund,36702.0,6307.0,0.0,1130.0,0.0,15981.0,0.0,7362.0,176.0,67658.0,10803.0,32351.0,22423.0,16620.0,0.0,82197.0,37.0,5499.0,5563.0,8657.0,19719.0,1250335.0,1294218.0
E5044_2024-25,E5044,Merton,2024-25,fund,30657.0,5746.0,0.0,502.0,150.0,7733.0,0.0,3637.0,0.0,48425.0,8490.0,22209.0,38008.0,8747.0,0.0,77454.0,35.0,4614.0,4525.0,6762.0,16025.0,927436.0,957219.0
E5046_2024-25,E5046,Redbridge,2024-25,fund,37305.0,7481.0,0.0,1321.0,0.0,7993.0,0.0,3147.0,297.0,57544.0,10733.0,31976.0,29681.0,4815.0,0.0,77205.0,26.0,6592.0,5459.0,8570.0,20621.0,1033803.0,1055134.0
E6905_2024-25,E6905,West Midlands Pension Fund,2024-25,fund,708700.0,171600.0,0.0,20100.0,4800.0,33200.0,0.0,122700.0,1400.0,1062500.0,159600.0,579200.0,129700.0,26700.0,13300.0,908500.0,863.0,130092.0,122311.0,110908.0,363502.0,21219900.0,21390500.0
E2421_2016-17,E2421,Leicestershire,2016-17,fund,108853.0,30629.0,0.0,3606.0,0.0,10984.0,0.0,6068.0,883.0,161023.0,37644.0,131898.0,37458.0,8716.0,50.0,215766.0,244.0,33302.0,23914.0,30114.0,88621.0,3163872.0,3880796.0
E3320_2016-17,E3320,Somerset,2016-17,fund,68168.0,13429.0,0.0,1568.0,0.0,3423.0,0.0,6861.0,401.0,93850.0,20892.0,69123.0,52166.0,2450.0,2851.0,147482.0,184.0,21102.0,15421.0,26046.0,63016.0,1598018.0,1970199.0
E6901_2016-17,E6901,London Pensions Fund Auth,2016-17,fund,212528.0,30662.0,0.0,2559.0,0.0,12389.0,-9.0,24286.0,687.0,283102.0,36648.0,130153.0,48049.0,8071.0,0.0,222921.0,359.0,17272.0,33947.0,29455.0,80741.0,4549608.0,5305175.0
W7404_2016-17,W7404,Rhondda Cynon Taff UA,2016-17,fund,97392.0,18504.0,0.0,2573.0,0.0,8094.0,101.0,11499.0,244.0,138407.0,25388.0,86810.0,62820.0,3939.0,5.0,178962.0,76.0,22929.0,19003.0,23717.0,65889.0,2465565.0,2982814.0
E1421_2017-18,E1421,East Sussex,2017-18,fund,102800.0,17780.0,0.0,3325.0,0.0,39592.0,0.0,13330.0,0.0,176827.0,28902.0,95189.0,37799.0,7325.0,0.0,169215.0,179.0,23919.0,19682.0,29486.0,73449.0,3342443.0,3383380.0
E2101_2017-18,E2101,Isle of Wight UA,2017-18,fund,17492.0,2282.0,0.0,260.0,0.0,1174.0,0.0,2059.0,0.0,23267.0,3589.0,14693.0,14288.0,146.0,219.0,32935.0,42.0,3778.0,4356.0,7816.0,15957.0,566340.0,570093.0
E2321_2017-18,E2321,Lancashire,2017-18,fund,213656.0,35115.0,0.0,6073.0,594.0,17327.0,0.0,62445.0,0.0,335210.0,56522.0,318474.0,138666.0,11518.0,0.0,525180.0,294.0,56876.0,47445.0,67753.0,172229.0,7209369.0,7621167.0
E2620_2017-18,E2620,Norfolk,2017-18,fund,108295.0,23602.0,0.0,2417.0,0.0,7346.0,360.0,17992.0,0.0,160012.0,28786.0,118361.0,60831.0,11637.0,0.0,219615.0,452.0,28589.0,24285.0,36435.0,89606.0,3429247.0,3603370.0
E5010_2017-18,E5010,City of London,2017-18,fund,34925.0,4947.0,0.0,1062.0,0.0,2074.0,0.0,8468.0,0.0,51476.0,10340.0,28824.0,2783.0,8721.0,280.0,50948.0,19.0,4623.0,4001.0,4708.0,13337.0,966700.0,988293.0
E5014_2017-18,E5014,Hammersmith & Fulham,2017-18,fund,31465.0,6360.0,0.0,896.0,0.0,4086.0,0.0,4503.0,627.0,47937.0,6781.0,24268.0,10283.0,3012.0,0.0,44344.0,85.0,4240.0,4912.0,6969.0,16156.0,1002832.0,1009623.0
E5016_2017-18,E5016,Kensington & Chelsea,2017-18,fund,24332.0,4232.0,0.0,462.0,0.0,5425.0,0.0,3497.0,298.0,38246.0,6636.0,16384.0,6556.0,1682.0,0.0,31258.0,30.0,3743.0,2985.0,5416.0,12173.0,1050795.0,1051865.0
E5021_2017-18,E5021,Wandsworth,2017-18,fund,60640.0,11455.0,0.0,2487.0,0.0,5917.0,0.0,8036.0,279.0,88814.0,14304.0,44647.0,33714.0,7661.0,0.0,100326.0,63.0,9641.0,9772.0,14061.0,33593.0,2182680.0,2266456.0
E5037_2017-18,E5037,Enfield,2017-18,fund,31985.0,5982.0,0.0,772.0,0.0,6157.0,132.0,9289.0,0.0,54317.0,9589.0,34136.0,10747.0,1844.0,0.0,56316.0,30.0,7731.0,5581.0,5007.0,18321.0,1079275.0,1099002.0
E5038_2017-18,E5038,Haringey,2017-18,fund,39088.0,8309.0,0.0,1748.0,87.0,6334.0,0.0,7124.0,5.0,62695.0,9386.0,35069.0,5853.0,5436.0,0.0,55744.0,67.0,6709.0,7742.0,8719.0,23177.0,1307484.0,1355903.0
E5040_2017-18,E5040,Havering,2017-18,fund,30112.0,5439.0,0.0,935.0,0.0,3762.0,0.0,4304.0,46.0,44598.0,6940.0,34709.0,9331.0,2654.0,0.0,53634.0,46.0,6562.0,6247.0,6384.0,19193.0,671379.0,707108.0
E5042_2017-18,E5042,Hounslow,2017-18,fund,29802.0,5582.0,0.0,705.0,0.0,4798.0,0.0,2766.0,0.0,43653.0,8419.0,27817.0,22542.0,1437.0,0.0,60215.0,79.0,7097.0,6121.0,7995.0,21241.0,945007.0,957794.0
E5043_2017-18,E5043,Kingston upon Thames,2017-18,fund,24518.0,4574.0,0.0,694.0,0.0,62854.0,0.0,4855.0,0.0,97495.0,7486.0,27702.0,14440.0,15405.0,0.0,65033.0,26.0,5558.0,4378.0,5533.0,15469.0,791753.0,770278.0
E0305_2018-19,E0305,Windsor & Maidenhead UA,2018-19,fund,85105.0,8222.0,7452.0,2056.0,0.0,10040.0,0.0,11093.0,485.0,124453.0,27654.0,89336.0,39032.0,8130.0,0.0,164152.0,390.0,27888.0,17821.0,26969.0,72697.0,2012263.0,2156443.0
E3120_2018-19,E3120,Oxfordshire,2018-19,fund,71839.0,13132.0,0.0,3224.0,0.0,10023.0,2.0,11030.0,651.0,109901.0,23052.0,70695.0,32454.0,9949.0,465.0,136615.0,241.0,19991.0,15736.0,27396.0,63420.0,2355350.0,2514650.0
E3520_2018-19,E3520,Suffolk,2018-19,fund,79662.0,14534.0,0.0,1956.0,0.0,10154.0,0.0,12479.0,0.0,118785.0,21130.0,90401.0,35085.0,5611.0,1.0,152228.0,335.0,20354.0,16075.0,27821.0,64250.0,2762481.0,2931091.0
E5045_2018-19,E5045,Newham,2018-19,fund,44052.0,9940.0,0.0,1039.0,0.0,4117.0,0.0,5452.0,321.0,64921.0,12640.0,39230.0,23066.0,2857.0,0.0,77793.0,51.0,9943.0,7613.0,11567.0,29123.0,1328286.0,1436012.0
W7702_2018-19,W7702,Swansea UA,2018-19,fund,65016.0,15271.0,0.0,1792.0,0.0,6136.0,0.0,7298.0,183.0,95696.0,18456.0,74944.0,31229.0,5037.0,374.0,130040.0,37.0,19912.0,14662.0,11870.0,46466.0,1916510.0,2044038.0
E1421_2019-20,E1421,East Sussex,2019-20,fund,104544.0,18555.0,0.0,2571.0,0.0,8597.0,0.0,17333.0,0.0,151600.0,31403.0,99019.0,26487.0,8298.0,0.0,165207.0,180.0,24300.0,21071.0,31838.0,77610.0,3632863.0,3479744.0
E5010_2019-20,E5010,City of London,2019-20,fund,39193.0,5255.0,0.0,490.0,0.0,3093.0,0.0,7829.0,0.0,55860.0,11864.0,32920.0,1229.0,6733.0,97.0,52843.0,21.0,4785.0,4209.0,4932.0,13930.0,1063119.0,1028743.0
E5019_2019-20,E5019,Southwark,2019-20,fund,50347.0,9344.0,0.0,1237.0,0.0,11692.0,0.0,8881.0,6214.0,87715.0,13302.0,41849.0,15578.0,10636.0,0.0,81365.0,114.0,6756.0,6970.0,8799.0,22538.0,1641986.0,1581541.0
E5038_2019-20,E5038,Haringey,2019-20,fund,42122.0,7372.0,0.0,1963.0,175.0,4380.0,0.0,7670.0,7.0,63689.0,10122.0,36822.0,12075.0,4788.0,0.0,63807.0,64.0,6091.0,7905.0,10176.0,24301.0,1382767.0,1326583.0
E6904_2019-20,E6904,Tyne and Wear Superannuation Fund,2019-20,fund,253651.0,56440.0,0.0,6510.0,15.0,24572.0,0.0,55186.0,0.0,396374.0,58286.0,211229.0,80235.0,43438.0,19.0,393207.0,272.0,46229.0,50222.0,41682.0,139312.0,8788062.0,8510657.0
E0221_2020-21,E0221,Bedfordshire,2020-21,fund,84491.0,8092.0,7616.0,2937.0,0.0,8360.0,0.0,9278.0,793.0,121567.0,28285.0,165318.0,10833.0,9765.0,1.0,214202.0,178.0,22493.0,18160.0,31452.0,72124.0,2209404.0,2756657.0
E2520_2020-21,E2520,Lincolnshire,2020-21,fund,80633.0,15694.0,0.0,1888.0,0.0,15481.0,0.0,11601.0,227.0,125524.0,22693.0,89683.0,18788.0,7081.0,1182.0,139427.0,396.0,23000.0,24613.0,29224.0,76856.0,2219327.0,2734566.0
E3221_2020-21,E3221,Shropshire,2020-21,fund,64750.0,10497.0,0.0,1334.0,0.0,20016.0,0.0,17826.0,190.0,114613.0,16471.0,70005.0,25477.0,5263.0,0.0,117216.0,203.0,16228.0,13093.0,18060.0,47456.0,1831323.0,2194020.0
E5014_2020-21,E5014,Hammersmith & Fulham,2020-21,fund,36363.0,6919.0,0.0,1245.0,508.0,7013.0,0.0,8903.0,0.0,60951.0,8004.0,24180.0,12327.0,9350.0,0.0,53861.0,95.0,4461.0,5419.0,6775.0,16717.0,1010886.0,1219223.0
E5033_2020-21,E5033,Brent,2020-21,fund,37522.0,4152.0,0.0,664.0,0.0,5047.0,0.0,4200.0,0.0,51585.0,9534.0,51403.0,720.0,5921.0,0.0,67578.0,138.0,6199.0,6860.0,8188.0,21247.0,838985.0,1030695.0
E5039_2020-21,E5039,Harrow,2020-21,fund,30791.0,4097.0,0.0,704.0,0.0,3865.0,0.0,5155.0,43.0,44655.0,7402.0,27259.0,6745.0,2027.0,89.0,43522.0,42.0,5306.0,6047.0,7031.0,18536.0,777758.0,967984.0
E5048_2020-21,E5048,Sutton,2020-21,fund,23659.0,3051.0,0.0,859.0,0.0,5584.0,0.0,6510.0,90.0,39753.0,7006.0,33760.0,11786.0,3314.0,0.0,55866.0,61.0,5898.0,4270.0,4926.0,15094.0,640066.0,812380.0
E0920_2021-22,E0920,Cumbria,2021-22,fund,79129.0,6548.0,7190.0,1908.0,0.0,27829.0,0.0,17708.0,0.0,140312.0,19898.0,63819.0,58988.0,8422.0,0.0,151127.0,127.0,17853.0,18097.0,24280.0,60312.0,3067207.0,3317715.0
E1521_2021-22,E1521,Essex,2021-22,fund,224908.0,34829.0,0.0,6242.0,1060.0,16832.0,0.0,81377.0,3891.0,369139.0,68094.0,224231.0,125896.0,26082.0,2618.0,446921.0,728.0,57324.0,48085.0,71455.0,176864.0,8739136.0,9645581.0
E2001_2021-22,E2001,East Riding of Yorkshire UA,2021-22,fund,143481.0,12811.0,17964.0,3742.0,320.0,10082.0,0.0,7991.0,0.0,196391.0,41128.0,110953.0,164986.0,8593.0,0.0,325660.0,437.0,40299.0,36189.0,40108.0,116696.0,5749208.0,6262642.0
E2221_2021-22,E2221,Kent,2021-22,fund,216199.0,34572.0,0.0,6506.0,0.0,28114.0,0.0,34840.0,0.0,320231.0,63125.0,217306.0,133600.0,10636.0,0.0,424667.0,745.0,52829.0,45573.0,49577.0,149112.0,7513632.0,7702425.0
E2721_2021-22,E2721,North Yorkshire,2021-22,fund,99282.0,14009.0,11940.0,3570.0,0.0,9282.0,0.0,30265.0,0.0,168348.0,32118.0,103378.0,7447.0,11941.0,0.0,154884.0,327.0,30605.0,27331.0,39119.0,97098.0,4510113.0,4634453.0
E5021_2021-22,E5021,Wandsworth,2021-22,fund,69651.0,9604.0,0.0,1150.0,0.0,9692.0,0.0,12855.0,537.0,103489.0,17095.0,51277.0,45909.0,10037.0,0.0,124318.0,70.0,11031.0,10892.0,19696.0,41769.0,2737732.0,2864602.0
E2221_2022-23,E2221,Kent,2022-23,fund,227129.0,36188.0,0.0,7678.0,0.0,15184.0,0.0,32502.0,0.0,318681.0,66582.0,231110.0,153112.0,17306.0,0.0,468110.0,762.0,53349.0,47342.0,49902.0,151834.0,7702425.0,7847952.0
E4208_2022-23,E4208,Tameside,2022-23,fund,793763.0,142337.0,0.0,18279.0,0.0,52868.0,0.0,105736.0,1175.0,1114158.0,184648.0,528724.0,718953.0,35147.0,0.0,1467472.0,1123.0,119703.0,143039.0,153628.0,416370.0,29324254.0,29425713.0
W7204_2022-23,W7204,Torfaen UA,2022-23,fund,110317.0,23946.0,0.0,3667.0,6357.0,0.0,0.0,12939.0,422.0,157648.0,33832.0,119674.0,47894.0,9122.0,997.0,211519.0,101.0,25706.0,20190.0,19422.0,65372.0,3768067.0,3762878.0
EW001_2023-24,EW001,England and Wales,2023-24,national_total,11297582.0,1870478.0,232871.0,310964.0,8377.0,1213023.0,1512.0,2123411.0,40981.0,17099199.0,3052310.0,10520079.0,5910473.0,1130283.0,58460.0,20671605.0,21131.0,2154680.0,2097693.0,2464236.0,6739944.0,359185148.0,391545895.0
E0305_2023-24,E0305,Windsor & Maidenhead UA,2023-24,fund,116080.0,11534.0,7954.0,2623.0,707.0,21111.0,0.0,35887.0,0.0,195896.0,36445.0,158971.0,46496.0,24845.0,0.0,266757.0,406.0,28456.0,22604.0,28619.0,79911.0,2756611.0,3032839.0
E5019_2023-24,E5019,Southwark,2023-24,fund,61626.0,12063.0,0.0,1264.0,0.0,5911.0,0.0,11122.0,0.0,91986.0,16788.0,51420.0,24428.0,5489.0,0.0,98125.0,89.0,8808.0,8860.0,8738.0,26406.0,2060487.0,2247603.0
E5040_2023-24,E5040,Havering,2023-24,fund,38121.0,5561.0,0.0,1014.0,0.0,4419.0,0.0,6130.0,42.0,55287.0,9610.0,40762.0,18327.0,6321.0,488.0,75508.0,59.0,7840.0,6921.0,6800.0,21649.0,895752.0,969498.0
E5048_2023-24,E5048,Sutton,2023-24,fund,30397.0,3582.0,0.0,675.0,0.0,3276.0,0.0,6096.0,109.0,44135.0,9032.0,33069.0,16982.0,6985.0,0.0,66068.0,62.0,6445.0,4810.0,7273.0,18529.0,810578.0,924018.0
W7102_2023-24,W7102,Carmarthenshire UA,2023-24,fund,91345.0,1779.0,18471.0,1974.0,0.0,4829.0,0.0,13076.0,0.0,131474.0,26694.0,75585.0,58630.0,6038.0,0.0,166947.0,93.0,19672.0,16631.0,16468.0,52815.0,3136680.0,3467562.0
W7601_2023-24,W7601,Cardiff UA,2023-24,fund,85183.0,20165.0,504.0,2788.0,0.0,5253.0,0.0,8080.0,100.0,122073.0,27253.0,79896.0,52342.0,3581.0,4188.0,167260.0,95.0,18044.0,13541.0,20611.0,52214.0,2635408.0,2963342.0
E1321_2024-25,E1321,Durham,2024-25,fund,145373.0,38533.0,0.0,3820.0,0.0,14696.0,0.0,14241.0,516.0,217179.0,36862.0,115059.0,20339.0,13876.0,4.0,186140.0,132.0,24227.0,24279.0,18405.0,66998.0,3720784.0,3752336.0
E1620_2024-25,E1620,Gloucestershire,2024-25,fund,100056.0,8491.0,11483.0,3375.0,0.0,14999.0,0.0,32745.0,562.0,171711.0,26699.0,107004.0,31254.0,17483.0,4547.0,186987.0,319.0,20003.0,20277.0,24020.0,64853.0,3421630.0,3590435.0
E2520_2024-25,E2520,Lincolnshire,2024-25,fund,107283.0,24367.0,0.0,3752.0,0.0,10276.0,0.0,14196.0,491.0,160365.0,32187.0,128136.0,17255.0,16637.0,867.0,195082.0,450.0,26480.0,30155.0,28898.0,85574.0,3401775.0,3554575.0
E5013_2024-25,E5013,Hackney,2024-25,fund,64630.0,13052.0,0.0,2960.0,0.0,12526.0,0.0,15908.0,161.0,109237.0,17311.0,68459.0,38144.0,9051.0,0.0,132965.0,38.0,7592.0,8759.0,11635.0,28003.0,2050972.0,2119754.0
E5038_2024-25,E5038,Haringey,2024-25,fund,57375.0,14951.0,0.0,1343.0,0.0,10363.0,0.0,7114.0,182.0,91328.0,14122.0,48154.0,31487.0,15796.0,0.0,109559.0,61.0,6634.0,9277.0,8833.0,24778.0,1871059.0,1940113.0
E5042_2024-25,E5042,Hounslow,2024-25,fund,46283.0,10713.0,0.0,1584.0,246.0,9883.0,0.0,11530.0,0.0,80239.0,12459.0,38209.0,36010.0,7140.0,111.0,93929.0,130.0,6789.0,8726.0,9108.0,24631.0,1332000.0,1364000.0
W7601_2024-25,W7601,Cardiff UA,2024-25,fund,94270.0,23848.0,184.0,1862.0,1276.0,9080.0,0.0,8874.0,177.0,139571.0,27990.0,83238.0,54820.0,8438.0,4573.0,179059.0,101.0,18177.0,14188.0,15077.0,47497.0,2963342.0,3081045.0
E0101_2016-17,E0101,Bath & North East Somerset,2016-17,fund,129796.0,27443.0,0.0,2536.0,0.0,4717.0,0.0,24498.0,0.0,188990.0,38540.0,107807.0,29425.0,2911.0,0.0,178683.0,420.0,36145.0,29391.0,41194.0,106788.0,3736930.0,4353778.0
E0305_2016-17,E0305,Windsor & Maidenhead UA,2016-17,fund,75842.89699000001,17733.462629999998,0.0,3009.40466,0.0,6600.26758,0.0,8378.0,366.44266,111930.47452,26432.820969999997,72312.0,32707.683000000005,9825.6635,0.0,141278.16747000001,331.0,26356.0,16125.0,25035.0,67529.0,1656559.0,1892267.4589
E0702_2016-17,E0702,Middlesbrough UA,2016-17,fund,101668.0,21081.0,0.0,3036.0,0.0,9084.0,0.0,4673.0,0.0,139542.0,25893.0,59994.0,102150.0,5225.0,6382.0,199644.0,256.0,23338.0,22177.0,24820.0,70788.0,3133118.0,3859589.0
E5041_2016-17,E5041,Hillingdon,2016-17,fund,32435.0,6236.0,0.0,682.0,0.0,2243.0,0.0,8385.0,0.0,49981.0,9356.0,32110.0,16004.0,1241.0,0.0,58711.0,132.0,8489.0,6239.0,7140.0,21891.0,810287.0,956707.0
E0421_2017-18,E0421,Buckinghamshire,2017-18,fund,85504.0,19951.0,8351.0,2749.0,0.0,14552.0,117.0,19239.0,0.0,150463.0,29449.0,104617.0,45448.0,16504.0,110.0,196128.0,323.0,23484.0,18566.0,27973.0,70054.0,2695584.0,2822149.0
E2520_2017-18,E2520,Lincolnshire,2017-18,fund,68800.0,14482.0,0.0,3302.0,0.0,4390.0,0.0,11978.0,215.0,103167.0,19421.0,76531.0,17743.0,6861.0,1519.0,122075.0,355.0,26120.0,20250.0,31136.0,77539.0,2099939.0,2175054.0
E3021_2017-18,E3021,Nottinghamshire,2017-18,fund,153122.0,27700.0,0.0,4741.0,0.0,16713.0,0.0,7336.0,0.0,209612.0,45176.0,193459.0,149196.0,9813.0,0.0,397644.0,480.0,43720.0,34844.0,53006.0,131993.0,4932368.0,5173542.0
E5015_2017-18,E5015,Islington,2017-18,fund,44632.0,5214.0,0.0,1337.0,0.0,5714.0,0.0,2698.0,0.0,59595.0,11883.0,33327.0,14347.0,4156.0,2662.0,66375.0,47.0,6294.0,6532.0,8606.0,21569.0,1253609.0,1333985.0
W7002_2017-18,W7002,Flintshire UA,2017-18,fund,56739.0,4916.0,7142.0,1800.0,0.0,5689.0,0.0,23538.0,0.0,99824.0,14829.0,88745.0,10060.0,4839.0,1505.0,119978.0,74.0,16471.0,12266.0,17810.0,46572.0,1688166.0,1785499.0
E1620_2018-19,E1620,Gloucestershire,2018-19,fund,69409.0,6051.0,6151.0,1804.0,0.0,4992.0,36.0,8317.0,336.0,97096.0,18114.0,76839.0,27681.0,6736.0,16127.0,145497.0,245.0,18969.0,15700.0,20417.0,55444.0,2239441.0,2378718.0
E1721_2018-19,E1721,Hampshire,2018-19,fund,209547.0,18695.0,17640.0,5782.0,0.0,12914.0,0.0,40625.0,1144.0,306347.0,66160.0,241801.0,114487.0,12745.0,0.0,435193.0,338.0,58055.0,40874.0,72050.0,171819.0,6613239.0,7181881.0
E2920_2018-19,E2920,Northumberland,2018-19,fund,44840.0,8567.0,0.0,1142.0,0.0,27191.0,157.0,6885.0,0.0,88782.0,9279.0,40711.0,6927.0,1972.0,0.0,58889.0,43.0,9183.0,8806.0,8682.0,26736.0,1344263.0,1400362.0
E5031_2018-19,E5031,Barnet,2018-19,fund,45506.0,8662.0,0.0,986.0,0.0,4592.0,0.0,8073.0,0.0,67819.0,11169.0,48359.0,4989.0,2422.0,0.0,66939.0,104.0,7457.0,7990.0,11803.0,27255.0,1098568.0,1152136.0
W7102_2018-19,W7102,Carmarthenshire UA,2018-19,fund,68875.0,2654.0,10279.0,1923.0,0.0,3853.0,0.0,11040.0,0.0,98624.0,18986.0,56166.0,15255.0,6651.0,0.0,97058.0,88.0,18343.0,13187.0,15719.0,47262.0,2435150.0,2570848.0
W9999_2018-19,W9999,Wales,2018-19,national_total,525719.0,95034.0,17723.0,17217.0,0.0,51670.0,15.0,86279.0,5189.0,798846.0,146958.0,523466.0,202587.0,44397.0,7264.0,924672.0,538.0,141431.0,103995.0,122221.0,368226.0,16738188.0,17766606.0
E0621_2019-20,E0621,Cheshire,2019-20,fund,155723.0,30230.0,0.0,5323.0,0.0,17394.0,0.0,26110.0,618.0,235398.0,38300.0,129193.0,40056.0,12411.0,0.0,219960.0,305.0,44682.0,30044.0,28760.0,103486.0,5603810.0,5514329.0
E1021_2019-20,E1021,Derbyshire,2019-20,fund,134375.0,14128.0,16068.0,4662.0,0.0,17293.0,0.0,30104.0,383.0,217013.0,41920.0,118391.0,93983.0,11195.0,0.0,265489.0,351.0,39928.0,30741.0,33157.0,104632.0,4928587.0,4657483.0
E1521_2019-20,E1521,Essex,2019-20,fund,211869.0,41130.0,0.0,7178.0,900.0,23313.0,20.0,55317.0,3503.0,343230.0,60772.0,191720.0,109811.0,12253.0,2318.0,376874.0,658.0,55094.0,44578.0,70958.0,170630.0,7027288.0,6627625.0
E2820_2019-20,E2820,Northamptonshire,2019-20,fund,77701.0,13203.0,0.0,3511.0,0.0,6765.0,0.0,11976.0,0.0,113156.0,22121.0,90542.0,41123.0,8184.0,0.0,161970.0,333.0,25049.0,16703.0,28039.0,69791.0,2506259.0,2409708.0
E5032_2019-20,E5032,Bexley,2019-20,fund,28091.0,3875.0,0.0,1026.0,0.0,2959.0,0.0,7670.0,0.0,43621.0,6375.0,19767.0,17231.0,3886.0,0.0,47259.0,75.0,5572.0,5596.0,4916.0,16106.0,872563.0,848482.0
E5035_2019-20,E5035,Croydon,2019-20,fund,46540.0,9076.0,0.0,1234.0,128.0,10641.0,0.0,11425.0,0.0,79044.0,13965.0,38243.0,9425.0,14179.0,0.0,75812.0,117.0,10001.0,8298.0,11017.0,29320.0,1258159.0,1256839.0
W7002_2019-20,W7002,Flintshire UA,2019-20,fund,63070.0,5036.0,8495.0,2360.0,0.0,4446.0,0.0,24377.0,0.0,107784.0,16337.0,59999.0,11741.0,6108.0,772.0,94957.0,84.0,17005.0,14087.0,17579.0,48687.0,1866775.0,1777439.0
E1221_2020-21,E1221,Dorset,2020-21,fund,110372.0,17342.0,0.0,3717.0,0.0,7448.0,0.0,13085.0,325.0,152289.0,29102.0,105446.0,17419.0,8612.0,0.0,160579.0,319.0,24511.0,24387.0,24825.0,74332.0,2713601.0,3350990.0
E5021_2020-21,E5021,Wandsworth,2020-21,fund,68371.0,9020.0,0.0,1823.0,0.0,4697.0,0.0,9841.0,369.0,94121.0,16040.0,47746.0,44803.0,11304.0,,119893.0,68.0,11478.0,10577.0,18664.0,40862.0,2158714.0,2737732.0
E1620_2021-22,E1620,Gloucestershire,2021-22,fund,77248.0,6056.0,7272.0,1647.0,0.0,7936.0,0.0,18447.0,335.0,118941.0,21119.0,82085.0,18777.0,6928.0,902.0,129811.0,271.0,18920.0,17682.0,20814.0,57862.0,2902490.0,3110843.0
E3221_2021-22,E3221,Shropshire,2021-22,fund,66544.0,11080.0,0.0,1322.0,0.0,4942.0,0.0,17492.0,220.0,101600.0,17320.0,41967.0,28818.0,10170.0,0.0,98275.0,215.0,16060.0,13709.0,18236.0,48118.0,2194020.0,2339287.0
E5011_2021-22,E5011,Camden,2021-22,fund,56928.0,6656.0,0.0,1427.0,0.0,10848.0,0.0,22166.0,0.0,98025.0,12758.0,54722.0,13032.0,6702.0,679.0,87893.0,84.0,5433.0,7315.0,9110.0,22004.0,2092584.0,2226668.0
E5020_2021-22,E5020,Tower Hamlets,2021-22,fund,51057.0,10853.0,0.0,1070.0,0.0,5709.0,0.0,17208.0,262.0,86159.0,13850.0,55583.0,27240.0,7041.0,0.0,103714.0,36.0,7652.0,6979.0,8321.0,22952.0,1956107.0,2023149.0
E6901_2021-22,E6901,London Pensions Fund Auth,2021-22,fund,240402.0,26523.0,0.0,2838.0,1274.0,11810.0,662.0,98638.0,651.0,382798.0,43367.0,110263.0,160460.0,9645.0,0.0,323735.0,123.0,19963.0,36569.0,36127.0,92659.0,6911767.0,7612289.0
EW001_2021-22,EW001,England & Wales,2021-22,national_total,9484457.0,1595493.0,178765.0,275036.0,6779.0,850901.0,1648.0,2022986.0,24577.0,14440642.0,2558312.0,7791754.0,4499226.0,1019395.0,50520.0,15919207.0,19834.0,2025454.0,1931342.0,2343476.0,6317824.0,337336275.0,364042367.0
E3021_2022-23,E3021,Nottinghamshire,2022-23,fund,197937.0,36224.0,0.0,6202.0,0.0,17991.0,0.0,26226.0,0.0,284580.0,54643.0,175315.0,89714.0,18937.0,0.0,338609.0,549.0,45758.0,44732.0,65212.0,156273.0,6601284.0,6466514.0
E3921_2022-23,E3921,Wiltshire,2022-23,fund,83007.0,13072.0,0.0,3124.0,0.0,7256.0,475.0,37506.0,0.0,144440.0,27169.0,105787.0,28559.0,8887.0,0.0,170402.0,179.0,23549.0,21195.0,40699.0,85458.0,3230387.0,3070699.0
E5038_2022-23,E5038,Haringey,2022-23,fund,46445.0,8154.0,0.0,1633.0,0.0,5502.0,0.0,8722.0,119.0,70575.0,12483.0,43560.0,19232.0,5938.0,0.0,81213.0,64.0,6350.0,8582.0,8543.0,23491.0,1803329.0,1708178.0
E5042_2022-23,E5042,Hounslow,2022-23,fund,38768.0,9261.0,0.0,1208.0,204.0,6345.0,0.0,6021.0,0.0,61807.0,10834.0,36429.0,28302.0,4966.0,41.0,80572.0,111.0,6990.0,8095.0,9205.0,24295.0,1251300.0,1212800.0
E5048_2022-23,E5048,Sutton,2022-23,fund,27680.0,4215.0,0.0,240.0,0.0,2973.0,0.0,7816.0,90.0,43014.0,8185.0,25156.0,15406.0,3861.0,0.0,52608.0,60.0,6039.0,4636.0,6819.0,17494.0,854836.0,810578.0
E6901_2022-23,E6901,London Pensions Fund Auth,2022-23,fund,246004.0,27799.0,0.0,4216.0,899.0,26066.0,432.0,129962.0,1975.0,437353.0,46393.0,111562.0,173404.0,12278.0,0.0,343637.0,122.0,22739.0,36209.0,37848.0,96796.0,7612289.0,7657914.0
W7102_2022-23,W7102,Carmarthenshire UA,2022-23,fund,81118.0,2198.0,13455.0,2670.0,0.0,4530.0,0.0,13567.0,0.0,117538.0,24686.0,71231.0,27472.0,4999.0,0.0,128388.0,93.0,19358.0,16010.0,16376.0,51773.0,3236677.0,3136680.0
W7320_2022-23,W7320,Gwynedd,2022-23,fund,56010.0,13789.0,0.0,2309.0,0.0,3121.0,0.0,12729.0,0.0,87958.0,21519.0,68243.0,30940.0,6773.0,4.0,127479.0,79.0,19043.0,11803.0,13596.0,44830.0,2775761.0,2762129.0
E2321_2023-24,E2321,Lancashire,2023-24,fund,296185.0,56093.0,0.0,8132.0,0.0,22258.0,0.0,118013.0,0.0,500681.0,78963.0,333080.0,192270.0,25342.0,0.0,629655.0,336.0,64135.0,57356.0,74380.0,197442.0,10847089.0,11746700.0
G008-1_2023-24,G008-1,Environment Agency Closed Pension Fund,2023-24,fund,41120.0,879.0,0.0,21.0,0.0,0.0,0.0,1065.0,0.0,43085.0,0.0,42486.0,3622.0,0.0,0.0,46108.0,1.0,0.0,8754.0,592.0,9346.0,267187.0,263523.0
E0702_2024-25,E0702,Middlesbrough UA,2024-25,fund,164845.0,33222.0,0.0,2421.0,0.0,16881.0,0.0,8456.0,0.0,225825.0,38245.0,87038.0,98377.0,10977.0,2573.0,237210.0,356.0,25874.0,28894.0,28546.0,84154.0,5475149.0,5576996.0
E5017_2024-25,E5017,Lambeth,2024-25,fund,64064.0,11104.0,0.0,1609.0,0.0,11287.0,0.0,10397.0,0.0,98461.0,13935.0,48332.0,75091.0,16667.0,0.0,154025.0,33.0,5271.0,8905.0,7953.0,22133.0,1799590.0,1794849.0
E6906_2024-25,E6906,West Yorkshire Superannuation Fund,2024-25,fund,602417.0,159823.0,0.0,20345.0,0.0,45357.0,0.0,16721.0,2569.0,847232.0,168722.0,419608.0,589904.0,65150.0,0.0,1243384.0,911.0,107150.0,116454.0,103613.0,327632.0,19353631.0,19969556.0
W7002_2024-25,W7002,Flintshire UA,2024-25,fund,86097.0,5658.0,16353.0,2441.0,0.0,9134.0,0.0,33704.0,0.0,153387.0,22863.0,60991.0,44482.0,11050.0,0.0,139386.0,94.0,16684.0,16511.0,14972.0,48588.0,2480720.0,2445895.0
W7501_2024-25,W7501,Powys UA,2024-25,fund,30664.0,6238.0,2840.0,394.0,0.0,3018.0,0.0,7470.0,96.0,50720.0,7379.0,27888.0,6023.0,3401.0,3.0,44694.0,41.0,5726.0,5776.0,7256.0,18900.0,819034.0,860265.0
E2221_2016-17,E2221,Kent,2016-17,fund,176065.0,34194.0,0.0,4636.0,0.0,6568.0,0.0,22738.0,1486.0,245687.0,51682.0,170790.0,107530.0,10566.0,5813.0,346381.0,620.0,50818.0,38648.0,42352.0,131834.0,4597540.0,5565175.0
E5021_2016-17,E5021,Wandsworth,2016-17,fund,48612.0,10557.0,0.0,1072.0,0.0,4358.0,0.0,6192.0,374.0,71165.0,11175.0,35253.0,26811.0,676793.0,0.0,750032.0,86.0,9525.0,9430.0,15854.0,34918.0,1188472.0,2182680.0
E5049_2016-17,E5049,Waltham Forest,2016-17,fund,33490.0,7070.0,0.0,443.0,0.0,2965.0,0.0,10128.0,0.0,54096.0,7218.0,31789.0,14523.0,773.0,0.0,54303.0,129.0,6699.0,7115.0,7879.0,21699.0,716495.0,807085.0
E6905_2016-17,E6905,West Midlands Pension Fund,2016-17,fund,424600.0,94100.0,0.0,12600.0,400.0,23000.0,0.0,71000.0,4700.0,630400.0,110700.0,419100.0,205800.0,16600.0,15100.0,767300.0,788.0,117005.0,88496.0,96591.0,302092.0,11660700.0,14294400.0
E0920_2017-18,E0920,Cumbria,2017-18,fund,67266.0,6171.0,5163.0,1628.0,0.0,4795.0,0.0,11393.0,0.0,96416.0,16581.0,94405.0,57481.0,5668.0,0.0,174135.0,127.0,17034.0,15796.0,24436.0,57266.0,2423326.0,2563457.0
E1221_2017-18,E1221,Dorset,2017-18,fund,92186.0,18989.0,0.0,2048.0,0.0,6237.0,111.0,14388.0,340.0,134299.0,27371.0,92166.0,49653.0,8615.0,0.0,177805.0,291.0,25670.0,20954.0,22877.0,69992.0,2735997.0,2868218.0
E1620_2017-18,E1620,Gloucestershire,2017-18,fund,65872.0,6461.0,4629.0,1153.0,0.0,5974.0,58.0,7282.0,239.0,91668.0,17795.0,110770.0,30849.0,6733.0,2002.0,168149.0,234.0,18830.0,15035.0,19463.0,53646.0,2088616.0,2239441.0
E1821_2017-18,E1821,Worcestershire,2017-18,fund,81529.0,8038.0,6577.0,1859.0,0.0,8766.0,30.0,9830.0,0.0,116629.0,22545.0,162686.0,35832.0,10438.0,0.0,231501.0,257.0,22472.0,17465.0,20391.0,60346.0,2465326.0,2689400.0
E2001_2017-18,E2001,East Riding of Yorkshire UA,2017-18,fund,119510.0,27373.0,0.0,3576.0,0.0,15814.0,0.0,6350.0,0.0,172623.0,36830.0,220109.0,165655.0,10451.0,0.0,433045.0,361.0,40051.0,29608.0,43228.0,112929.0,4525027.0,4785805.0
E2221_2017-18,E2221,Kent,2017-18,fund,184721.0,32003.0,0.0,4152.0,0.0,10269.0,0.0,23285.0,1228.0,255658.0,52872.0,173882.0,116788.0,11262.0,5283.0,360087.0,660.0,52779.0,39857.0,42392.0,135047.0,5565175.0,5828846.0
E3320_2017-18,E3320,Somerset,2017-18,fund,71213.0,16535.0,0.0,2646.0,288.0,4205.0,0.0,7619.0,0.0,102506.0,20720.0,78667.0,58515.0,5312.0,2713.0,165927.0,165.0,20672.0,16322.0,27736.0,65209.0,1970199.0,2058939.0
E5012_2017-18,E5012,Greenwich,2017-18,fund,42066.0,7325.0,3534.0,948.0,0.0,3941.0,0.0,5771.0,0.0,63585.0,12624.0,33890.0,5488.0,5975.0,0.0,57977.0,66.0,9663.0,6822.0,8064.0,24564.0,1234032.0,1275330.0
E5032_2017-18,E5032,Bexley,2017-18,fund,25266.0,3763.0,0.0,430.0,0.0,21665.0,0.0,5224.0,0.0,56348.0,5599.0,18029.0,14255.0,3880.0,0.0,41763.0,71.0,5485.0,5430.0,4715.0,15656.0,806621.0,813677.0
E3421_2018-19,E3421,Staffordshire,2018-19,fund,141280.0,36788.0,0.0,4258.0,0.0,19007.0,50.0,18317.0,731.0,220431.0,35195.0,121941.0,73254.0,12737.0,1085.0,244212.0,329.0,32720.0,34800.0,41420.0,109019.0,4777773.0,5131016.0
E3620_2018-19,E3620,Surrey,2018-19,fund,126014.0,19571.0,0.0,4146.0,101.0,10946.0,0.0,15470.0,785.0,177033.0,38502.0,138274.0,59055.0,14954.0,0.0,250785.0,344.0,34006.0,25780.0,50158.0,110210.0,4055883.0,4315578.0
E6901_2018-19,E6901,London Pensions Fund Auth,2018-19,fund,226848.0,33348.0,0.0,6111.0,0.0,14169.0,0.0,52778.0,0.0,333254.0,37428.0,114759.0,169584.0,55879.0,0.0,377650.0,373.0,18338.0,35567.0,34396.0,88337.0,5654274.0,6053254.0
E0920_2019-20,E0920,Cumbria,2019-20,fund,74270.0,7493.0,6862.0,2492.0,0.0,7017.0,0.0,12727.0,0.0,110861.0,18106.0,50603.0,47623.0,6160.0,0.0,122492.0,126.0,16989.0,16987.0,24420.0,58396.0,2702760.0,2573878.0
E1221_2019-20,E1221,Dorset,2019-20,fund,104933.0,19875.0,0.0,3111.0,0.0,34855.0,0.0,14009.0,347.0,177130.0,28216.0,108553.0,24531.0,10793.0,0.0,172093.0,317.0,24548.0,23330.0,24757.0,73383.0,3029952.0,2713601.0
E2001_2019-20,E2001,East Riding of Yorkshire UA,2019-20,fund,133700.0,14118.0,15251.0,4559.0,653.0,12968.0,0.0,7342.0,0.0,188591.0,36905.0,88889.0,156830.0,15031.0,0.0,297655.0,402.0,38751.0,33148.0,44467.0,116417.0,5057719.0,4764005.0
E3421_2019-20,E3421,Staffordshire,2019-20,fund,150044.0,42352.0,0.0,3446.0,0.0,19346.0,119.0,17851.0,794.0,233952.0,35227.0,117895.0,75515.0,9186.0,4199.0,242022.0,295.0,32396.0,36520.0,41910.0,110903.0,5131016.0,4739742.0
E3720_2019-20,E3720,Warwickshire,2019-20,fund,65600.0,13300.0,0.0,1800.0,400.0,11700.0,0.0,13200.0,366.0,106366.0,18200.0,66800.0,20300.0,12900.0,0.0,118200.0,231.0,16801.0,14432.0,19417.0,50665.0,2165700.0,2034100.0
E4208_2019-20,E4208,Tameside,2019-20,fund,707822.0,133258.0,0.0,19121.0,0.0,40726.0,0.0,34769.0,1691.0,937387.0,152068.0,460162.0,519558.0,25694.0,0.0,1157482.0,935.0,112274.0,132068.0,140153.0,384495.0,23843623.0,22034804.0
E5020_2019-20,E5020,Tower Hamlets,2019-20,fund,47620.0,8809.0,2677.0,1312.0,0.0,6079.0,0.0,11317.0,756.0,78570.0,11156.0,37519.0,20573.0,7608.0,0.0,76856.0,34.0,7501.0,6602.0,7930.0,22100.0,1552906.0,1519562.0
E5043_2019-20,E5043,Kingston upon Thames,2019-20,fund,26595.0,4297.0,0.0,977.0,371.0,6141.0,0.0,8841.0,0.0,47222.0,7794.0,27183.0,9453.0,7648.0,0.0,52078.0,31.0,5578.0,4795.0,5519.0,15892.0,867895.0,799651.0
E6906_2019-20,E6906,West Yorkshire Superannuation Fund,2019-20,fund,423855.0,115655.0,0.0,13572.0,0.0,35606.0,0.0,12306.0,1644.0,602638.0,122143.0,319830.0,464284.0,50705.0,0.0,956962.0,791.0,100281.0,95307.0,97613.0,293435.0,14363041.0,13214298.0
E1121_2020-21,E1121,Devon,2020-21,fund,163522.0,24617.0,0.0,4300.0,0.0,7827.0,0.0,20791.0,610.0,221667.0,42805.0,139873.0,35020.0,12970.0,0.0,230668.0,282.0,38567.0,36995.0,45987.0,122444.0,4011115.0,5035347.0
E5030_2020-21,E5030,Barking & Dagenham,2020-21,fund,35751.0,5143.0,0.0,1180.0,0.0,7544.0,0.0,6719.0,124.0,56461.0,10308.0,34609.0,12600.0,3521.0,1244.0,62282.0,42.0,6299.0,6096.0,6503.0,18927.0,973662.0,1263095.0
E5042_2020-21,E5042,Hounslow,2020-21,fund,35095.0,7114.0,0.0,1027.0,0.0,4048.0,179.0,4928.0,0.0,52391.0,9597.0,31150.0,23908.0,6179.0,0.0,70834.0,98.0,6550.0,7429.0,9312.0,23296.0,958072.0,1171367.0
E6901_2020-21,E6901,London Pensions Fund Auth,2020-21,fund,238955.0,24969.0,0.0,6297.0,1650.0,14817.0,0.0,99818.0,0.0,386506.0,42513.0,123961.0,145903.0,21296.0,178.0,333851.0,130.0,20115.0,35963.0,35597.0,91675.0,5883043.0,6911767.0
E6905_2020-21,E6905,West Midlands Pension Fund,2020-21,fund,541600.0,87500.0,0.0,17700.0,400.0,29200.0,0.0,110200.0,1800.0,788400.0,125800.0,1056900.0,84800.0,22300.0,13900.0,1303700.0,1096.0,113644.0,106899.0,114558.0,335101.0,15288100.0,18913100.0
E0621_2021-22,E0621,Cheshire,2021-22,fund,165183.0,30891.0,0.0,3974.0,0.0,15036.0,0.0,27585.0,562.0,243231.0,41507.0,152219.0,31701.0,12877.0,0.0,238304.0,321.0,43054.0,32429.0,32399.0,107882.0,6549238.0,6967980.0
E2520_2021-22,E2520,Lincolnshire,2021-22,fund,82895.0,16177.0,0.0,2297.0,0.0,5969.0,0.0,14191.0,267.0,121796.0,23731.0,95372.0,8372.0,7977.0,1498.0,136950.0,404.0,24388.0,25951.0,28864.0,79218.0,2734566.0,3053017.0
E3720_2021-22,E3720,Warwickshire,2021-22,fund,70500.0,16000.0,0.0,2400.0,400.0,8000.0,0.0,16100.0,0.0,113400.0,20000.0,66700.0,21500.0,16900.0,0.0,125100.0,308.0,17610.0,15885.0,20596.0,54313.0,2574140.0,2781500.0
E5016_2021-22,E5016,Kensington & Chelsea,2021-22,fund,29329.0,4229.0,0.0,1217.0,0.0,6809.0,0.0,6010.0,163.0,47757.0,8811.0,20292.0,4433.0,6532.0,238.0,40306.0,33.0,3770.0,3573.0,5538.0,12925.0,1481251.0,1630844.0
E6903_2021-22,E6903,South Yorkshire Pensions Fund,2021-22,fund,257953.0,57102.0,0.0,5817.0,0.0,16605.0,0.0,105678.0,531.0,443686.0,66198.0,119796.0,66794.0,18584.0,6006.0,277378.0,548.0,51429.0,58174.0,59924.0,171108.0,9862073.0,10673562.0
E6904_2021-22,E6904,Tyne and Wear Superannuation Fund,2021-22,fund,337194.0,72222.0,0.0,9464.0,4.0,13894.0,0.0,86068.0,0.0,518846.0,73948.0,223812.0,97052.0,10092.0,22.0,404926.0,314.0,57150.0,63391.0,50586.0,172633.0,12085899.0,12747109.0
E6905_2021-22,E6905,West Midlands Pension Fund,2021-22,fund,554400.0,102900.0,0.0,16100.0,300.0,32700.0,0.0,117800.0,2100.0,826300.0,132900.0,287200.0,84400.0,19100.0,13200.0,536800.0,1171.0,112431.0,111263.0,114897.0,338591.0,18915200.0,20334400.0
E0305_2022-23,E0305,Windsor & Maidenhead UA,2022-23,fund,103934.0,10861.0,6543.0,2302.0,951.0,31666.0,0.0,33177.0,0.0,189434.0,34006.0,140441.0,41507.0,23344.0,2.0,239300.0,422.0,27618.0,21887.0,29167.0,78887.0,2665699.0,2756611.0
E1521_2022-23,E1521,Essex,2022-23,fund,237646.0,35146.0,0.0,6379.0,1130.0,19416.0,0.0,84332.0,7500.0,391549.0,73663.0,240659.0,162153.0,17821.0,3052.0,497348.0,762.0,60794.0,48834.0,73425.0,184076.0,9645581.0,9668507.0
E5032_2022-23,E5032,Bexley,2022-23,fund,30589.0,4821.0,0.0,400.0,0.0,5939.0,0.0,6543.0,0.0,48292.0,7013.0,21502.0,16761.0,3532.0,238.0,49046.0,82.0,5780.0,6265.0,5949.0,17994.0,1051039.0,956250.0
E3021_2023-24,E3021,Nottinghamshire,2023-24,fund,221114.0,38722.0,0.0,6933.0,0.0,7945.0,0.0,26509.0,0.0,301223.0,61577.0,208435.0,92374.0,16005.0,0.0,378391.0,569.0,46729.0,47047.0,67243.0,161604.0,6466514.0,7027202.0
E3520_2023-24,E3520,Suffolk,2023-24,fund,105625.0,19331.0,0.0,2128.0,0.0,9112.0,0.0,14613.0,594.0,151403.0,31263.0,104739.0,111130.0,10827.0,0.0,257959.0,428.0,22693.0,20055.0,30765.0,73513.0,3758873.0,4252797.0
E5020_2023-24,E5020,Tower Hamlets,2023-24,fund,59533.0,11986.0,0.0,1402.0,0.0,10529.0,0.0,15411.0,299.0,99160.0,15869.0,62636.0,31973.0,6856.0,0.0,117334.0,35.0,8055.0,7359.0,8386.0,23800.0,1937484.0,2145152.0
E5021_2023-24,E5021,Wandsworth,2023-24,fund,79569.0,12483.0,0.0,1961.0,0.0,59331.0,0.0,13864.0,615.0,167823.0,19884.0,58563.0,67428.0,6038.0,0.0,151913.0,71.0,11278.0,11251.0,20129.0,42811.0,2756181.0,3077875.0
E5037_2023-24,E5037,Enfield,2023-24,fund,45776.0,7990.0,0.0,888.0,0.0,12637.0,0.0,9383.0,0.0,76674.0,14728.0,42886.0,34280.0,8068.0,0.0,99962.0,47.0,8290.0,7334.0,8340.0,23966.0,1455670.0,1577226.0
E5044_2023-24,E5044,Merton,2023-24,fund,28068.0,5469.0,0.0,710.0,167.0,4525.0,0.0,4118.0,0.0,43057.0,8124.0,20298.0,28095.0,3343.0,0.0,59860.0,34.0,4490.0,4351.0,6670.0,15620.0,841304.0,927436.0
E6902_2023-24,E6902,Merseyside Pension Fund,2023-24,fund,348531.0,35867.0,43716.0,8854.0,0.0,14944.0,0.0,38145.0,580.0,490637.0,74593.0,184549.0,262476.0,13422.0,0.0,535040.0,228.0,48811.0,57852.0,46320.0,153157.0,10412686.0,10821015.0
E4208_2024-25,E4208,Tameside,2024-25,fund,965797.0,193050.0,0.0,24812.0,0.0,55433.0,0.0,125290.0,1733.0,1366115.0,214469.0,692190.0,774970.0,49323.0,0.0,1730952.0,1310.0,125072.0,152662.0,159974.0,437708.0,31291802.0,32294516.0
E5012_2024-25,E5012,Greenwich,2024-25,fund,63647.0,5182.0,10022.0,1786.0,0.0,2409.0,0.0,5849.0,265.0,89160.0,17678.0,48986.0,17200.0,8484.0,0.0,92348.0,96.0,8858.0,8976.0,9733.0,27579.0,1690650.0,1754510.0
E5031_2024-25,E5031,Barnet,2024-25,fund,61488.0,12568.0,0.0,2392.0,294.0,7891.0,0.0,18436.0,0.0,103069.0,16107.0,57277.0,8248.0,11635.0,0.0,93267.0,165.0,9225.0,10579.0,10052.0,29865.0,1621960.0,1694333.0
E5045_2024-25,E5045,Newham,2024-25,fund,63471.0,13462.0,179.0,2143.0,0.0,15478.0,0.0,5914.0,0.0,100647.0,18432.0,53833.0,28718.0,11739.0,0.0,112722.0,60.0,10922.0,8784.0,13324.0,33030.0,1876242.0,1935521.0
E3120_2016-17,E3120,Oxfordshire,2016-17,fund,64091.0,11361.0,0.0,2427.0,0.0,11446.0,0.0,9203.0,297.0,98825.0,21729.0,66148.0,28870.0,6535.0,338.0,123620.0,202.0,19523.0,14464.0,28465.0,62699.0,1842289.0,2257120.0
E3820_2016-17,E3820,West Sussex,2016-17,fund,84269.0,13724.0,0.0,2345.0,881.0,6085.0,0.0,14731.0,257.0,122292.0,25499.0,96259.0,54705.0,3349.0,425.0,180237.0,238.0,26607.0,18499.0,26333.0,71745.0,2985801.0,3795267.0
E5018_2016-17,E5018,Lewisham,2016-17,fund,39096.0,8117.0,494.0,1720.0,0.0,4331.0,0.0,2143.0,264.0,56165.0,9099.0,33411.0,6670.0,2123.0,1027.0,52330.0,24.0,6526.0,7396.0,10242.0,24188.0,1041429.0,1274569.0
E5022_2016-17,E5022,Westminster,2016-17,fund,41315.0,7292.0,0.0,602.0,0.0,2385.0,0.0,5052.0,38.0,56684.0,8706.0,27200.0,9891.0,2809.0,0.0,48606.0,41.0,4129.0,5706.0,6281.0,16116.0,1066343.0,1261893.0
E0101_2017-18,E0101,Bath & North East Somerset,2017-18,fund,135003.0,24655.0,0.0,3356.0,0.0,7939.0,0.0,26374.0,0.0,197327.0,38406.0,186358.0,28008.0,8613.0,0.0,261385.0,512.0,36370.0,30665.0,43012.0,110147.0,4353778.0,4600925.0
E0221_2017-18,E0221,Bedfordshire,2017-18,fund,72341.0,7125.0,8764.0,1957.0,0.0,6995.0,0.0,8302.0,985.0,106469.0,24361.0,92954.0,10058.0,40883.0,67.0,168323.0,171.0,22275.0,16423.0,30160.0,68871.0,2073710.0,2174629.0
E0820_2017-18,E0820,Cornwall,2017-18,fund,56450.0,6510.0,5773.0,1393.0,0.0,3469.0,0.0,20698.0,367.0,94660.0,17310.0,72062.0,8914.0,5467.0,9.0,103762.0,184.0,17834.0,13363.0,21014.0,52450.0,1709126.0,1798106.0
E1021_2017-18,E1021,Derbyshire,2017-18,fund,119980.0,14430.0,14075.0,4594.0,0.0,16667.0,0.0,24947.0,543.0,195236.0,38055.0,126224.0,94882.0,12724.0,0.0,271885.0,276.0,44513.0,27951.0,27723.0,100871.0,4472569.0,4644031.0
E1121_2017-18,E1121,Devon,2017-18,fund,142191.0,28224.0,0.0,3357.0,0.0,5410.0,51.0,18084.0,394.0,197711.0,37659.0,131149.0,44578.0,6481.0,0.0,219867.0,260.0,38485.0,33093.0,44572.0,116877.0,3928894.0,4086432.0
E2721_2017-18,E2721,North Yorkshire,2017-18,fund,80592.0,13829.0,8083.0,2615.0,0.0,9472.0,0.0,26620.0,0.0,141211.0,26855.0,123696.0,23545.0,13782.0,0.0,187878.0,205.0,31194.0,20409.0,35813.0,87483.0,3035836.0,3328566.0
E2820_2017-18,E2820,Northamptonshire,2017-18,fund,71851.0,16571.0,0.0,1383.0,0.0,33334.0,0.0,8486.0,470.0,132095.0,20225.0,80989.0,38760.0,4650.0,0.0,144624.0,157.0,21134.0,15700.0,28420.0,65301.0,2256879.0,2321566.0
E3421_2017-18,E3421,Staffordshire,2017-18,fund,132660.0,34874.0,0.0,3672.0,0.0,14763.0,0.0,15579.0,678.0,202226.0,35178.0,197212.0,67197.0,12531.0,678.0,312796.0,305.0,34062.0,33050.0,40779.0,107974.0,4590513.0,4777773.0
W7204_2017-18,W7204,Torfaen UA,2017-18,fund,88132.0,19465.0,0.0,3507.0,0.0,13918.0,35.0,9366.0,217.0,134640.0,25609.0,86195.0,21317.0,5704.0,2316.0,141141.0,95.0,23933.0,16848.0,18455.0,59294.0,2699628.0,2790820.0
W7601_2017-18,W7601,Cardiff UA,2017-18,fund,62507.0,12214.0,0.0,1534.0,508.0,16009.0,0.0,7887.0,114.0,100773.0,17675.0,65638.0,21247.0,4934.0,2647.0,112141.0,40.0,16014.0,11159.0,12643.0,39866.0,1981989.0,2049670.0
E0920_2018-19,E0920,Cumbria,2018-19,fund,70525.0,6345.0,4979.0,1355.0,0.0,4889.0,0.0,20381.0,0.0,108474.0,17272.0,46830.0,52667.0,3000.0,0.0,119769.0,127.0,16453.0,16185.0,25202.0,57840.0,2563457.0,2702760.0
E5012_2018-19,E5012,Greenwich,2018-19,fund,44068.0,5276.0,3605.0,1841.0,0.0,4018.0,0.0,6085.0,176.0,65069.0,13507.0,36026.0,5716.0,2318.0,0.0,57567.0,68.0,9078.0,7024.0,9173.0,25284.0,1275330.0,1332469.0
W7204_2018-19,W7204,Torfaen UA,2018-19,fund,93179.0,21682.0,0.0,3348.0,0.0,7576.0,6.0,9546.0,262.0,135599.0,26525.0,89056.0,27210.0,6280.0,2471.0,151542.0,97.0,23893.0,17533.0,18755.0,60220.0,2790820.0,2928976.0
E2321_2019-20,E2321,Lancashire,2019-20,fund,239299.0,41958.0,0.0,5845.0,0.0,20466.0,0.0,64997.0,1310.0,373875.0,61528.0,115527.0,206082.0,17017.0,0.0,400154.0,313.0,53954.0,51171.0,73025.0,178334.0,8410100.0,8437697.0
E2520_2019-20,E2520,Lincolnshire,2019-20,fund,78073.0,18870.0,0.0,2383.0,0.0,9580.0,0.0,12033.0,340.0,121279.0,21768.0,81598.0,23692.0,10629.0,892.0,138579.0,384.0,23049.0,23365.0,30360.0,76810.0,2351703.0,2219327.0
E5030_2019-20,E5030,Barking & Dagenham,2019-20,fund,34798.0,6016.0,0.0,492.0,0.0,6589.0,0.0,6355.0,0.0,54250.0,9662.0,35052.0,14691.0,4588.0,939.0,64932.0,39.0,5981.0,5683.0,6461.0,18153.0,1021903.0,973662.0
E6901_2019-20,E6901,London Pensions Fund Auth,2019-20,fund,238252.0,28679.0,0.0,4083.0,3201.0,17440.0,0.0,73025.0,793.0,365473.0,41567.0,115399.0,155316.0,66018.0,0.0,378300.0,373.0,18768.0,35274.0,33985.0,88056.0,6053254.0,5883043.0
E0521_2020-21,E0521,Cambridgeshire,2020-21,fund,92311.0,14081.0,0.0,3204.0,0.0,11632.0,0.0,22690.0,0.0,143918.0,29081.0,125453.0,31406.0,22232.0,0.0,208172.0,217.0,28711.0,20380.0,40316.0,89407.0,2997669.0,3898235.0
E5049_2020-21,E5049,Waltham Forest,2020-21,fund,38994.0,6583.0,0.0,969.0,0.0,4887.0,0.0,7869.0,130.0,59432.0,9879.0,75678.0,11910.0,6843.0,353.0,104663.0,101.0,6880.0,7868.0,9842.0,24593.0,862506.0,1052557.0
W7404_2020-21,W7404,Rhondda Cynon Taff UA,2020-21,fund,110855.0,16252.0,0.0,3875.0,0.0,4701.0,0.0,13084.0,177.0,148944.0,29766.0,100053.0,80768.0,8248.0,14.0,218849.0,88.0,23667.0,20311.0,29090.0,73373.0,3350224.0,4493407.0
W7501_2020-21,W7501,Powys UA,2020-21,fund,23827.0,4064.0,0.0,794.0,0.0,1174.0,0.0,4783.0,43.0,34685.0,5294.0,21917.0,8037.0,3614.0,29.0,38891.0,39.0,5676.0,5048.0,6823.0,17656.0,644545.0,764271.0
W9999_2020-21,W9999,Wales,2020-21,national_total,568453.0,77144.0,15454.0,20018.0,0.0,31724.0,-10.0,110418.0,701.0,823902.0,163058.0,559164.0,250494.0,32363.0,1451.0,1006530.0,565.0,145643.0,109346.0,125753.0,381949.0,16818013.0,21735029.0
E1121_2021-22,E1121,Devon,2021-22,fund,168391.0,29018.0,0.0,3623.0,0.0,26037.0,5.0,28453.0,601.0,256128.0,45260.0,128172.0,33648.0,13324.0,0.0,220404.0,304.0,40069.0,38477.0,45881.0,125369.0,5066930.0,5411982.0
E1221_2021-22,E1221,Dorset UA,2021-22,fund,114379.0,16277.0,0.0,3103.0,0.0,5194.0,0.0,15574.0,439.0,154966.0,29934.0,109864.0,16229.0,22524.0,0.0,178551.0,324.0,27650.0,25302.0,24800.0,77795.0,3350990.0,3703800.0
E1721_2021-22,E1721,Hampshire,2021-22,fund,236663.0,20594.0,22268.0,6000.0,0.0,17726.0,-9.0,63956.0,1041.0,368239.0,77554.0,121713.0,106521.0,16178.0,0.0,321966.0,350.0,61044.0,47033.0,82346.0,191426.0,9072815.0,9626874.0
E5018_2021-22,E5018,Lewisham,2021-22,fund,46942.0,9891.0,0.0,1310.0,0.0,5515.0,0.0,3867.0,105.0,67630.0,11120.0,37341.0,18777.0,8096.0,37.0,75371.0,42.0,6759.0,8366.0,11004.0,26132.0,1617349.0,1750283.0
E5048_2021-22,E5048,Sutton,2021-22,fund,26228.0,3845.0,0.0,119.0,0.0,20281.0,0.0,6571.0,158.0,57202.0,7561.0,25669.0,9344.0,3665.0,0.0,46239.0,59.0,5928.0,4424.0,5232.0,15584.0,812380.0,853508.0
W7702_2021-22,W7702,Swansea UA,2021-22,fund,72012.0,15235.0,0.0,2645.0,0.0,2675.0,0.0,16544.0,131.0,109242.0,21485.0,86043.0,27164.0,6415.0,5.0,141112.0,52.0,21424.0,14294.0,12263.0,48008.0,2614455.0,2924232.0
E3120_2022-23,E3120,Oxfordshire,2022-23,fund,85687.0,14892.0,0.0,2993.0,0.0,10465.0,0.0,16857.0,218.0,131112.0,29018.0,85296.0,20324.0,14980.0,22.0,149640.0,185.0,21588.0,18432.0,31117.0,71550.0,3279642.0,3170152.0
E5015_2022-23,E5015,Islington,2022-23,fund,54275.0,9250.0,0.0,1610.0,0.0,2218.0,0.0,12237.0,0.0,79590.0,15618.0,53623.0,26154.0,7866.0,2382.0,105643.0,29.0,6576.0,6590.0,8452.0,21641.0,1784423.0,1736625.0
E5020_2022-23,E5020,Tower Hamlets,2022-23,fund,53525.0,9026.0,0.0,2447.0,0.0,8375.0,0.0,16172.0,321.0,89866.0,15020.0,56975.0,30820.0,8412.0,0.0,111227.0,33.0,7745.0,7180.0,8393.0,23318.0,2023397.0,1937484.0
E6903_2022-23,E6903,South Yorkshire Pensions Fund,2022-23,fund,272528.0,64045.0,0.0,9694.0,0.0,19543.0,0.0,68428.0,582.0,434820.0,72604.0,132462.0,57455.0,25107.0,5770.0,293398.0,548.0,52763.0,59951.0,62012.0,176437.0,10673562.0,10201980.0
E6905_2022-23,E6905,West Midlands Pension Fund,2022-23,fund,585400.0,117900.0,0.0,19400.0,100.0,38700.0,0.0,110100.0,2200.0,873800.0,143000.0,315600.0,82800.0,19700.0,13000.0,574100.0,1212.0,113854.0,115725.0,115662.0,345241.0,20334400.0,19646600.0
E0101_2023-24,E0101,Bath & North East Somerset,2023-24,fund,189839.0,34485.0,0.0,5112.0,0.0,17473.0,0.0,25718.0,0.0,272627.0,55020.0,196219.0,68383.0,14320.0,0.0,333942.0,738.0,41465.0,39584.0,44652.0,125867.0,5389210.0,5825531.0
E1421_2023-24,E1421,East Sussex,2023-24,fund,131848.0,15629.0,4490.0,3456.0,0.0,13851.0,0.0,26278.0,0.0,195552.0,39521.0,115497.0,68794.0,11089.0,0.0,234901.0,211.0,25562.0,25029.0,36444.0,87484.0,4578547.0,4932356.0
E1521_2023-24,E1521,Essex,2023-24,fund,266113.0,48530.0,0.0,9071.0,1566.0,27703.0,0.0,70405.0,1436.0,424824.0,79265.0,269048.0,183190.0,26920.0,3223.0,561646.0,778.0,68209.0,52123.0,63850.0,185311.0,9668507.0,10909038.0
E2101_2023-24,E2101,Isle of Wight UA,2023-24,fund,23300.0,3844.0,0.0,726.0,0.0,588.0,0.0,7065.0,127.0,35650.0,5047.0,19040.0,24767.0,1947.0,507.0,51308.0,50.0,4439.0,6409.0,7478.0,18337.0,685348.0,757619.0
E3620_2023-24,E3620,Surrey,2023-24,fund,184267.0,27246.0,0.0,4723.0,375.0,30675.0,0.0,13379.0,0.0,260665.0,51883.0,158704.0,37997.0,23413.0,2657.0,274654.0,446.0,36195.0,31628.0,63280.0,131496.0,5291396.0,5864745.0
E5012_2023-24,E5012,Greenwich,2023-24,fund,57894.0,5441.0,7518.0,2256.0,0.0,9227.0,0.0,5767.0,304.0,88407.0,16961.0,45956.0,22841.0,4345.0,0.0,90103.0,92.0,8775.0,8540.0,9515.0,26844.0,1584265.0,1690650.0
E5015_2023-24,E5015,Islington,2023-24,fund,60443.0,12154.0,0.0,1821.0,0.0,6188.0,0.0,10929.0,0.0,91535.0,16574.0,62289.0,35985.0,11152.0,2413.0,128413.0,30.0,6587.0,6716.0,8854.0,22182.0,1736625.0,1934881.0
E5016_2023-24,E5016,Kensington & Chelsea,2023-24,fund,34288.0,5826.0,0.0,858.0,0.0,11058.0,0.0,6530.0,321.0,58881.0,10484.0,12536.0,10675.0,11780.0,403.0,45878.0,35.0,4449.0,3790.0,5334.0,13622.0,1583867.0,1810568.0
E5033_2023-24,E5033,Brent,2023-24,fund,45200.0,6058.0,0.0,756.0,0.0,7660.0,0.0,4275.0,0.0,63949.0,11142.0,57714.0,10942.0,7859.0,0.0,87657.0,148.0,6545.0,7367.0,8454.0,22366.0,1120287.0,1261201.0
E2721_2024-25,E2721,North Yorkshire,2024-25,fund,133689.0,18269.0,18936.0,4010.0,0.0,35091.0,0.0,39810.0,0.0,249805.0,40105.0,114900.0,33873.0,31049.0,0.0,219927.0,374.0,30540.0,33130.0,39033.0,102787.0,4660097.0,4753498.0
E3620_2024-25,E3620,Surrey,2024-25,fund,191871.0,28042.0,0.0,6290.0,492.0,50115.0,0.0,13209.0,0.0,290019.0,54216.0,169599.0,47974.0,32969.0,2268.0,307026.0,406.0,36467.0,32284.0,61036.0,130217.0,5864745.0,6089448.0
E0920_2016-17,E0920,Cumbria,2016-17,fund,65032.0,7783.0,6666.0,2067.0,0.0,3957.0,0.0,10199.0,0.0,95704.0,16389.0,49375.0,50196.0,3385.0,0.0,119345.0,132.0,16161.0,15373.0,24464.0,55998.0,2046809.0,2423326.0
E1620_2016-17,E1620,Gloucestershire,2016-17,fund,63470.0,7031.0,5213.0,858.0,0.0,3484.0,42.0,8390.0,135.0,88623.0,17625.0,84942.0,27256.0,7194.0,2916.0,139933.0,218.0,18986.0,14414.0,18738.0,52424.0,1702503.0,2088616.0
E5015_2016-17,E5015,Islington,2016-17,fund,42329.0,8913.0,0.0,1041.0,0.0,2850.0,0.0,2370.0,101.0,57604.0,11609.0,35920.0,8106.0,2785.0,2297.0,60717.0,40.0,5946.0,6343.0,8465.0,20859.0,1083305.0,1253609.0
E5032_2016-17,E5032,Bexley,2016-17,fund,24782.0,4414.0,0.0,494.0,0.0,1817.0,0.0,5046.0,0.0,36553.0,5296.0,17739.0,17435.0,1925.0,251.0,42646.0,66.0,5230.0,5147.0,4562.0,14969.0,688318.0,806621.0
E5034_2016-17,E5034,Bromley,2016-17,fund,26061.0,4703.0,0.0,875.0,0.0,2709.0,0.0,4197.0,84.0,38629.0,6219.0,26890.0,8682.0,3161.0,0.0,44952.0,103.0,6076.0,5062.0,5258.0,16404.0,746435.0,945733.0
W9999_2016-17,W9999,Wales,2016-17,national_total,479131.0,88486.20152,16660.79848,16435.0,421.0,39257.0,195.0,79154.0,1462.0,721202.0,136196.0,475817.0,187013.0,28230.0,7263.0,834519.0,494.0,134446.0,95405.0,112612.0,343212.0,13115377.0,16000985.0
E2221_2019-20,E2221,Kent,2019-20,fund,203810.0,34195.0,0.0,5827.0,0.0,12708.0,0.0,25606.0,0.0,282146.0,56324.0,193939.0,134965.0,9328.0,0.0,394556.0,713.0,51685.0,42399.0,47406.0,142532.0,6218169.0,5716879.0
E2920_2019-20,E2920,Northumberland,2019-20,fund,46218.0,8197.0,0.0,965.0,0.0,4729.0,116.0,8457.0,0.0,68682.0,9608.0,41130.0,7307.0,11025.0,0.0,69070.0,44.0,9326.0,9198.0,8483.0,27064.0,1400362.0,1297940.0
E3221_2019-20,E3221,Shropshire,2019-20,fund,62251.0,10620.0,0.0,1425.0,0.0,4896.0,0.0,17712.0,224.0,97128.0,15706.0,46626.0,28402.0,6460.0,0.0,97194.0,204.0,16332.0,12546.0,18087.0,47049.0,1915301.0,1831323.0
E3820_2019-20,E3820,West Sussex,2019-20,fund,98099.0,6253.0,7635.0,2588.0,0.0,14931.0,0.0,17075.0,930.0,147511.0,29142.0,108941.0,72276.0,17562.0,2.0,227923.0,246.0,29082.0,20778.0,29094.0,78995.0,4374121.0,4301419.0
E5013_2019-20,E5013,Hackney,2019-20,fund,49109.0,15580.0,0.0,740.0,0.0,8035.0,0.0,9870.0,0.0,83334.0,13614.0,65163.0,11765.0,5301.0,0.0,95843.0,42.0,7124.0,7291.0,10516.0,24947.0,1547819.0,1480119.0
W7601_2019-20,W7601,Cardiff UA,2019-20,fund,70038.0,15409.0,773.0,2984.0,0.0,6621.0,0.0,8429.0,274.0,104528.0,19522.0,75323.0,27397.0,8864.0,8189.0,139295.0,45.0,16450.0,11961.0,13642.0,42099.0,2163405.0,2014226.0
E1021_2020-21,E1021,Derbyshire,2020-21,fund,141410.0,11773.0,14541.0,3790.0,0.0,10270.0,0.0,30360.0,588.0,212732.0,43030.0,147641.0,57404.0,14461.0,0.0,262536.0,365.0,37877.0,31585.0,32427.0,102767.0,4657483.0,5706917.0
E1920_2020-21,E1920,Hertfordshire,2020-21,fund,142196.0,23945.0,0.0,3846.0,0.0,17216.0,0.0,18711.0,664.0,206578.0,41186.0,156994.0,47944.0,15568.0,5.0,261697.0,489.0,37486.0,29809.0,42408.0,109974.0,4805909.0,5835194.0
E3421_2020-21,E3421,Staffordshire,2020-21,fund,155493.0,29547.0,0.0,5128.0,0.0,14968.0,20.0,20292.0,441.0,225889.0,36497.0,242405.0,55097.0,9680.0,589.0,344268.0,286.0,32915.0,37665.0,41987.0,112616.0,4744490.0,6152390.0
E5017_2020-21,E5017,Lambeth,2020-21,fund,50107.0,8078.0,0.0,1065.0,0.0,9959.0,0.0,9298.0,0.0,78507.0,10227.0,43476.0,28089.0,3982.0,0.0,85774.0,23.0,5013.0,7455.0,8460.0,20932.0,1427234.0,1787746.0
E5038_2020-21,E5038,Haringey,2020-21,fund,43198.0,7110.0,0.0,983.0,115.0,8251.0,0.0,5812.0,30.0,65499.0,10807.0,37147.0,12687.0,5731.0,0.0,66372.0,105.0,6142.0,7895.0,10353.0,24525.0,1326583.0,1627012.0
E5040_2020-21,E5040,Havering,2020-21,fund,33371.0,4315.0,0.0,1118.0,0.0,44560.0,0.0,4428.0,70.0,87862.0,7789.0,39629.0,15539.0,4896.0,0.0,67853.0,56.0,6426.0,6412.0,6020.0,18858.0,728696.0,874235.0
E3320_2021-22,E3320,Somerset,2021-22,fund,87162.0,13189.0,0.0,1994.0,0.0,9115.0,0.0,10457.0,320.0,122237.0,24077.0,93882.0,15601.0,11494.0,2728.0,147782.0,206.0,20810.0,19690.0,28453.0,69521.0,2619072.0,2845096.0
E4208_2021-22,E4208,Tameside,2021-22,fund,749216.0,134585.0,0.0,21798.0,0.0,33965.0,0.0,120317.0,975.0,1060856.0,168254.0,460804.0,592113.0,21599.0,0.0,1242770.0,1021.0,116406.0,139040.0,146948.0,402394.0,26890009.0,29324254.0
E5012_2021-22,E5012,Greenwich,2021-22,fund,49018.0,4295.0,6413.0,2530.0,0.0,8489.0,0.0,8491.0,256.0,79492.0,14435.0,39669.0,65353.0,10647.0,0.0,130104.0,84.0,8594.0,7854.0,9433.0,25890.0,1532978.0,1635315.0
E5043_2021-22,E5043,Kingston upon Thames,2021-22,fund,29098.0,4040.0,0.0,783.0,0.0,4283.0,0.0,9175.0,76.0,47455.0,9313.0,27475.0,10617.0,3597.0,0.0,51002.0,29.0,5506.0,5001.0,6039.0,16546.0,1027489.0,1106172.0
W7320_2021-22,W7320,Gwynedd,2021-22,fund,52087.0,13123.0,0.0,1769.0,0.0,3545.0,0.0,16525.0,138.0,87187.0,19703.0,63268.0,26170.0,2664.0,4.0,111809.0,77.0,18747.0,11312.0,12655.0,43096.0,2528129.0,2775761.0
E1321_2022-23,E1321,Durham,2022-23,fund,118810.0,26894.0,0.0,2758.0,0.0,8546.0,0.0,13297.0,320.0,170625.0,32233.0,98886.0,20288.0,9409.0,4.0,160820.0,136.0,23139.0,22200.0,17970.0,63389.0,3600014.0,3423986.0
E1620_2022-23,E1620,Gloucestershire,2022-23,fund,81614.0,5936.0,8259.0,2991.0,0.0,9941.0,0.0,27538.0,278.0,136557.0,22895.0,86165.0,14965.0,7639.0,1883.0,133547.0,281.0,19603.0,18531.0,21096.0,59711.0,3110843.0,3056970.0
E2520_2022-23,E2520,Lincolnshire,2022-23,fund,87322.0,15688.0,0.0,2853.0,0.0,8347.0,0.0,13745.0,315.0,128270.0,26774.0,107511.0,15170.0,10049.0,823.0,160327.0,411.0,26601.0,27213.0,28929.0,82768.0,3053017.0,3025747.0
E3421_2022-23,E3421,Staffordshire,2022-23,fund,167874.0,35826.0,0.0,4320.0,0.0,10648.0,0.0,20397.0,775.0,239840.0,40995.0,145864.0,77599.0,13623.0,565.0,278646.0,505.0,33790.0,40536.0,42987.0,117357.0,6833122.0,6655086.0
E3820_2022-23,E3820,West Sussex,2022-23,fund,108909.0,6811.0,10045.0,3667.0,0.0,9575.0,0.0,20699.0,466.0,160172.0,35088.0,116646.0,122868.0,12315.0,11.0,286928.0,316.0,25930.0,23091.0,36829.0,85958.0,5494106.0,5336704.0
E5036_2022-23,E5036,Ealing,2022-23,fund,44486.0,6795.0,0.0,867.0,0.0,5416.0,0.0,5556.0,494.0,63614.0,14143.0,32490.0,25998.0,9133.0,506.0,82270.0,40.0,8535.0,8024.0,10408.0,27081.0,1546190.0,1472205.0
E0820_2023-24,E0820,Cornwall,2023-24,fund,82439.0,7114.0,6308.0,2200.0,0.0,8929.0,0.0,26001.0,432.0,133423.0,22249.0,83101.0,23756.0,7617.0,3.0,136726.0,248.0,17915.0,18171.0,21585.0,58037.0,2344828.0,2508038.0
E0920_2023-24,E0920,Cumbria,2023-24,fund,92586.0,18957.0,0.0,2762.0,0.0,5414.0,0.0,22420.0,0.0,142139.0,24085.0,71998.0,61627.0,6236.0,0.0,163946.0,120.0,22430.0,19749.0,23344.0,65570.0,3163315.0,3408111.0
E5010_2023-24,E5010,City of London,2023-24,fund,50652.0,6039.0,0.0,1730.0,0.0,5749.0,0.0,8218.0,0.0,72388.0,13928.0,38817.0,5807.0,5656.0,321.0,64529.0,20.0,4944.0,4925.0,5170.0,15042.0,1375433.0,1495711.0
E5017_2023-24,E5017,Lambeth,2023-24,fund,61505.0,11188.0,0.0,1787.0,0.0,12764.0,0.0,9273.0,0.0,96517.0,12808.0,45071.0,55498.0,16783.0,0.0,130160.0,31.0,5180.0,8640.0,8126.0,21954.0,1698315.0,1799590.0
E5018_2023-24,E5018,Lewisham,2023-24,fund,54801.0,8998.0,0.0,1011.0,0.0,11593.0,0.0,3514.0,176.0,80093.0,12724.0,42136.0,23879.0,7547.0,29.0,86315.0,49.0,6888.0,8753.0,12130.0,27778.0,1651977.0,1837125.0
E5045_2023-24,E5045,Newham,2023-24,fund,57999.0,10053.0,293.0,1576.0,0.0,8916.0,0.0,5936.0,315.0,85088.0,17739.0,53127.0,29205.0,8369.0,0.0,108440.0,51.0,10764.0,8534.0,12927.0,32225.0,1699987.0,1876242.0
E6901_2023-24,E6901,London Pensions Fund Auth,2023-24,fund,268837.0,32518.0,0.0,3983.0,436.0,96468.0,621.0,104949.0,0.0,507812.0,50015.0,106745.0,142436.0,27016.0,0.0,326212.0,115.0,23730.0,36563.0,39292.0,99585.0,7657914.0,8030651.0
E0820_2024-25,E0820,Cornwall,2024-25,fund,90195.0,9079.0,8051.0,2142.0,0.0,8055.0,0.0,26725.0,354.0,144601.0,23661.0,88427.0,30526.0,8827.0,7.0,151448.0,289.0,17421.0,18989.0,24134.0,60928.0,2508038.0,2525902.0
E1721_2024-25,E1721,Hampshire,2024-25,fund,311208.0,28702.0,40712.0,9049.0,0.0,31204.0,0.0,103358.0,1856.0,526089.0,94180.0,154349.0,285970.0,37599.0,0.0,572098.0,402.0,61842.0,57078.0,92084.0,212203.0,9963098.0,10215772.0
E3021_2024-25,E3021,Nottinghamshire,2024-25,fund,244415.0,50265.0,0.0,7587.0,0.0,15594.0,0.0,28407.0,0.0,346268.0,63874.0,216451.0,93818.0,0.0,0.0,374143.0,559.0,48227.0,49520.0,66604.0,164881.0,7027202.0,7261881.0
E3720_2024-25,E3720,Warwickshire,2024-25,fund,90900.0,21000.0,0.0,2800.0,500.0,10700.0,0.0,23700.0,0.0,149600.0,25900.0,90600.0,33300.0,13400.0,0.0,163200.0,398.0,19597.0,18414.0,21730.0,60076.0,2946200.0,3075200.0
E5033_2024-25,E5033,Brent,2024-25,fund,49358.0,9975.0,0.0,552.0,0.0,9154.0,0.0,5143.0,0.0,74182.0,12003.0,61206.0,15402.0,6777.0,0.0,95388.0,75.0,6730.0,7685.0,8379.0,22794.0,1261201.0,1312800.0
E1221_2016-17,E1221,Dorset,2016-17,fund,87976.0,17421.0,0.0,2678.0,0.0,4024.0,71.0,13751.0,364.0,126285.0,26978.0,82168.0,45885.0,3494.0,0.0,158525.0,285.0,26364.0,20344.0,22428.0,69563.0,2266446.0,2735997.0
E1521_2016-17,E1521,Essex,2016-17,fund,183131.0,36481.0,0.0,5693.0,680.0,11890.0,378.0,36645.0,2571.0,277469.0,54497.0,169859.0,85320.0,12465.0,1720.0,323861.0,569.0,68676.0,39096.0,46980.0,154752.0,5037104.0,6031053.0
E5013_2016-17,E5013,Hackney,2016-17,fund,41807.0,12276.0,0.0,1271.0,0.0,5632.0,0.0,5869.0,201.0,67056.0,12155.0,67162.0,14423.0,4719.0,0.0,98459.0,36.0,7823.0,6441.0,9031.0,23295.0,1143845.0,1358592.0
E5046_2016-17,E5046,Redbridge,2016-17,fund,24656.0,6603.0,0.0,560.0,0.0,1004.0,0.0,2841.0,71.0,35735.0,6938.0,27570.0,2397.0,1438.0,0.0,38343.0,24.0,5449.0,4899.0,6958.0,17334.0,634074.0,743423.0
E4208_2017-18,E4208,Tameside,2017-18,fund,624569.0,108343.0,0.0,15169.0,0.0,47227.0,600.0,32191.0,1542.0,829641.0,140493.0,599601.0,404895.0,415931.0,0.0,1560920.0,837.0,110050.0,125604.0,133268.0,368922.0,21271060.0,22496545.0
E5039_2017-18,E5039,Harrow,2017-18,fund,27816.0,4631.0,0.0,827.0,0.0,34763.0,0.0,5525.0,0.0,73562.0,6830.0,24053.0,11327.0,8003.0,80.0,50293.0,32.0,5429.0,5760.0,7115.0,18432.0,806576.0,816131.0
E5048_2017-18,E5048,Sutton,2017-18,fund,21240.0,4115.0,0.0,435.0,0.0,6250.0,0.0,6115.0,85.0,38240.0,5940.0,24849.0,9923.0,3570.0,0.0,44282.0,61.0,5556.0,3926.0,4754.0,14236.0,618157.0,641603.0
E0621_2018-19,E0621,Cheshire,2018-19,fund,148638.0,28388.0,0.0,4065.0,0.0,13547.0,0.0,27825.0,489.0,222952.0,36829.0,123153.0,33970.0,15638.0,0.0,209590.0,290.0,41852.0,28818.0,29178.0,99848.0,5355219.0,5603810.0
E2520_2018-19,E2520,Lincolnshire,2018-19,fund,73016.0,17791.0,0.0,2097.0,0.0,6990.0,0.0,11018.0,394.0,111306.0,20542.0,76104.0,20403.0,7312.0,1632.0,125993.0,373.0,26150.0,21592.0,32115.0,79890.0,2175054.0,2351703.0
E3720_2018-19,E3720,Warwickshire,2018-19,fund,62100.0,13300.0,0.0,1500.0,300.0,7700.0,0.0,12300.0,275.0,97475.0,17300.0,62800.0,29168.0,8500.0,0.0,117768.0,280.0,16693.0,13676.0,17808.0,48177.0,2037334.0,2165700.0
E5017_2018-19,E5017,Lambeth,2018-19,fund,45595.0,6453.0,0.0,1001.0,0.0,5650.0,0.0,1753.0,21.0,60473.0,8883.0,40804.0,28266.0,2880.0,0.0,80833.0,22.0,5595.0,7310.0,8065.0,20972.0,1377391.0,1439444.0
E5041_2018-19,E5041,Hillingdon,2018-19,fund,36423.0,6750.0,0.0,843.0,0.0,2626.0,79.0,8833.0,0.0,55554.0,9846.0,33330.0,22732.0,1487.0,0.0,67395.0,144.0,8569.0,6694.0,10246.0,25540.0,1012303.0,1066983.0
E6904_2018-19,E6904,Tyne and Wear Superannuation Fund,2018-19,fund,244097.0,51310.0,0.0,8026.0,17.0,8909.0,0.0,53242.0,0.0,365601.0,55315.0,199438.0,87772.0,8378.0,9.0,350912.0,268.0,45928.0,49551.0,41488.0,138031.0,8274488.0,8788062.0
W7320_2018-19,W7320,Gwynedd,2018-19,fund,45278.0,11949.0,0.0,1986.0,0.0,3128.0,0.0,14659.0,0.0,77000.0,17003.0,50927.0,13964.0,3007.0,6.0,84907.0,75.0,18736.0,9787.0,11977.0,40534.0,1937975.0,2081347.0
W7501_2018-19,W7501,Powys UA,2018-19,fund,22103.0,3594.0,0.0,521.0,0.0,2609.0,0.0,3602.0,55.0,32484.0,5065.0,21480.0,6153.0,1851.0,31.0,34580.0,38.0,5698.0,4683.0,6136.0,16639.0,618937.0,654573.0
EW001_2018-19,EW001,England & Wales,2018-19,national_total,8435579.0,1573221.0,149856.0,239404.0,9037.0,926433.0,1559.0,1317374.0,36264.0,12688727.0,2204693.0,7130983.0,4433202.0,1126937.0,191627.0,15087442.0,18037.0,1980025.0,1732900.0,2219488.0,5945905.0,270949062.0,287192663.0
E1121_2019-20,E1121,Devon,2019-20,fund,157099.0,27170.0,0.0,3674.0,0.0,12778.0,0.0,19732.0,505.0,220958.0,40758.0,207397.0,59351.0,17279.0,0.0,324785.0,289.0,38323.0,35949.0,43862.0,118982.0,4302282.0,4011115.0
E1920_2019-20,E1920,Hertfordshire,2019-20,fund,137246.0,22990.0,0.0,4236.0,0.0,14004.0,0.0,16378.0,928.0,195782.0,39148.0,146551.0,42697.0,38519.0,1.0,266916.0,472.0,38325.0,28887.0,42887.0,110364.0,4835004.0,4805909.0
E2101_2019-20,E2101,Isle of Wight UA,2019-20,fund,19328.0,3233.0,0.0,253.0,0.0,803.0,0.0,2945.0,258.0,26820.0,3940.0,15778.0,10435.0,1528.0,386.0,32067.0,45.0,4364.0,4846.0,7063.0,16279.0,606425.0,568432.0
E5039_2019-20,E5039,Harrow,2019-20,fund,29973.0,4999.0,591.0,933.0,0.0,2345.0,0.0,5405.0,125.0,44371.0,7162.0,27067.0,9074.0,1366.0,55.0,44724.0,39.0,5273.0,5867.0,7037.0,18314.0,851332.0,777758.0
W9999_2019-20,W9999,Wales,2019-20,national_total,552371.0,96059.0,20722.0,17738.0,0.0,47119.0,19.0,94771.0,1155.0,829954.0,154289.0,563225.0,146726.0,48292.0,14057.0,926589.0,556.0,144149.0,108634.0,124626.0,378152.0,17766606.0,16825586.0
E2221_2020-21,E2221,Kent,2020-21,fund,210886.0,30202.0,0.0,6360.0,0.0,10057.0,0.0,27277.0,0.0,284782.0,59348.0,208607.0,111339.0,5017.0,0.0,384311.0,735.0,52725.0,43751.0,47397.0,144960.0,5716879.0,7513632.0
E3720_2020-21,E3720,Warwickshire,2020-21,fund,68000.0,14100.0,0.0,1400.0,400.0,9500.0,0.0,14600.0,0.0,108000.0,19300.0,79600.0,21100.0,12700.0,0.0,132700.0,284.0,17683.0,15157.0,19670.0,52510.0,2034100.0,2574140.0
E5045_2020-21,E5045,Newham,2020-21,fund,48788.0,13396.0,0.0,1985.0,0.0,9065.0,0.0,7824.0,335.0,81393.0,13982.0,79167.0,22984.0,5750.0,0.0,121883.0,54.0,9035.0,7949.0,12138.0,29122.0,1371154.0,1588384.0
E6902_2020-21,E6902,Merseyside Pension Fund,2020-21,fund,287859.0,31572.0,24297.0,6913.0,0.0,16448.0,0.0,39790.0,426.0,407305.0,60633.0,276784.0,186932.0,15214.0,0.0,539563.0,209.0,47105.0,53535.0,39295.0,140023.0,8632909.0,9943828.0
E6904_2020-21,E6904,Tyne and Wear Superannuation Fund,2020-21,fund,328081.0,54534.0,0.0,8660.0,3.0,7671.0,0.0,71420.0,0.0,470369.0,70538.0,213629.0,62533.0,46634.0,19.0,393353.0,306.0,55390.0,60883.0,49816.0,167562.0,9808597.0,12085899.0
EW001_2020-21,EW001,England & Wales,2020-21,national_total,9224696.0,1440164.0,141759.0,269418.0,6954.0,766888.0,894.0,1681321.0,22985.0,13555079.0,2440924.0,10312173.0,3711484.0,815579.0,43418.0,17323578.0,18947.0,1998304.0,1848733.0,2265282.0,6128702.0,272388846.0,337110557.0
E0221_2021-22,E0221,Bedfordshire,2021-22,fund,87190.0,16614.0,0.0,3485.0,0.0,12237.0,0.0,10563.0,740.0,130829.0,29628.0,99833.0,15230.0,12369.0,27.0,157087.0,208.0,22826.0,19991.0,32994.0,75827.0,2756657.0,2977055.0
E1021_2021-22,E1021,Derbyshire,2021-22,fund,146923.0,13055.0,18002.0,5944.0,0.0,17594.0,0.0,32413.0,668.0,234599.0,44564.0,148845.0,62217.0,11940.0,0.0,267566.0,376.0,37552.0,32706.0,33589.0,104809.0,5706917.0,6132085.0
E0702_2022-23,E0702,Middlesbrough UA,2022-23,fund,134792.0,24684.0,0.0,2879.0,0.0,20435.0,0.0,10085.0,0.0,192875.0,33465.0,73488.0,50230.0,4896.0,2561.0,164640.0,152.0,26198.0,26915.0,27225.0,81162.0,5037574.0,5064286.0
E0920_2022-23,E0920,Cumbria,2022-23,fund,82764.0,8389.0,5389.0,2491.0,0.0,7061.0,0.0,18477.0,0.0,124571.0,22062.0,67526.0,49475.0,11348.0,0.0,150411.0,125.0,18268.0,18890.0,25063.0,62278.0,3317715.0,3163315.0
E3221_2022-23,E3221,Shropshire,2022-23,fund,70888.0,12633.0,0.0,2522.0,0.0,8128.0,0.0,18809.0,216.0,113196.0,19208.0,57110.0,8188.0,9525.0,0.0,94031.0,219.0,16418.0,14320.0,18441.0,49268.0,2339287.0,2244087.0
E5021_2022-23,E5021,Wandsworth,2022-23,fund,72684.0,10224.0,0.0,1733.0,0.0,13802.0,0.0,12773.0,845.0,112061.0,18607.0,55085.0,50651.0,12867.0,0.0,137210.0,73.0,11138.0,11194.0,20260.0,42744.0,2864602.0,2756181.0
E5034_2022-23,E5034,Bromley,2022-23,fund,31495.0,4831.0,0.0,431.0,0.0,3953.0,0.0,5583.0,142.0,46435.0,7633.0,26584.0,29082.0,7891.0,0.0,71190.0,130.0,6182.0,6015.0,7957.0,20165.0,1339056.0,1271111.0
E5039_2022-23,E5039,Harrow,2022-23,fund,33465.0,5631.0,0.0,1173.0,0.0,3610.0,0.0,4550.0,0.0,48429.0,8209.0,29029.0,8355.0,3877.0,0.0,49470.0,50.0,5769.0,6708.0,6884.0,19519.0,1018011.0,954822.0
E1620_2023-24,E1620,Gloucestershire,2023-24,fund,91351.0,8090.0,9357.0,2250.0,0.0,10799.0,0.0,29987.0,432.0,152266.0,24950.0,111758.0,26803.0,6502.0,2203.0,172216.0,303.0,19815.0,19350.0,21216.0,60898.0,3056970.0,3421630.0
E2221_2023-24,E2221,Kent,2023-24,fund,254015.0,42833.0,0.0,6327.0,0.0,15424.0,0.0,34788.0,0.0,353387.0,71244.0,249969.0,157148.0,12280.0,0.0,490641.0,789.0,55291.0,50408.0,50645.0,157659.0,7847952.0,8142551.0
E3320_2023-24,E3320,Somerset,2023-24,fund,101345.0,17136.0,0.0,2534.0,0.0,19577.0,0.0,14120.0,693.0,155405.0,27796.0,104847.0,10733.0,13573.0,2695.0,159644.0,208.0,20131.0,21240.0,30296.0,72317.0,2805399.0,3177829.0
E4208_2023-24,E4208,Tameside,2023-24,fund,880850.0,153680.0,0.0,24310.0,0.0,57000.0,0.0,101179.0,1412.0,1218431.0,200941.0,654848.0,776455.0,45978.0,0.0,1678222.0,1209.0,123068.0,147006.0,158730.0,428804.0,29425713.0,31291802.0
E5032_2023-24,E5032,Bexley,2023-24,fund,33795.0,4184.0,0.0,764.0,2.0,5824.0,0.0,10148.0,0.0,54717.0,7427.0,20360.0,20486.0,4927.0,0.0,53200.0,77.0,6283.0,6374.0,5013.0,17694.0,956250.0,1021551.0
E5036_2023-24,E5036,Ealing,2023-24,fund,49899.0,9240.0,0.0,1233.0,0.0,7492.0,0.0,5519.0,322.0,73705.0,14704.0,46543.0,32522.0,7089.0,768.0,101626.0,39.0,8828.0,8256.0,10514.0,27731.0,1472205.0,1665460.0
W7702_2023-24,W7702,Swansea UA,2023-24,fund,84825.0,20170.0,0.0,2916.0,0.0,10115.0,0.0,17809.0,195.0,136030.0,25876.0,90139.0,32051.0,7458.0,174.0,155698.0,55.0,22703.0,15174.0,12176.0,50082.0,2905758.0,3322682.0
E0621_2024-25,E0621,Cheshire,2024-25,fund,211395.0,44536.0,0.0,4906.0,0.0,24784.0,0.0,30377.0,567.0,316565.0,50492.0,175388.0,40622.0,16756.0,0.0,283258.0,392.0,50395.0,36834.0,31030.0,118259.0,6636726.0,6700945.0
E5040_2024-25,E5040,Havering,2024-25,fund,40540.0,6746.0,0.0,1652.0,0.0,5918.0,0.0,5943.0,280.0,61079.0,10440.0,43355.0,20118.0,4872.0,407.0,79192.0,65.0,7989.0,7102.0,7443.0,22634.0,969498.0,1008440.0
E5048_2024-25,E5048,Sutton,2024-25,fund,33558.0,7500.0,0.0,1542.0,0.0,12327.0,0.0,5294.0,124.0,60345.0,9602.0,36075.0,16548.0,28070.0,0.0,90295.0,67.0,6309.0,5081.0,7739.0,19129.0,924018.0,978956.0
W7204_2024-25,W7204,Torfaen UA,2024-25,fund,136024.0,35113.0,0.0,3773.0,0.0,18326.0,0.0,17012.0,20234.0,230482.0,37346.0,139786.0,70582.0,11933.0,2329.0,261976.0,104.0,25191.0,21983.0,20128.0,67359.0,4248591.0,4448581.0
E5010_2016-17,E5010,City of London,2016-17,fund,33794.0,3516.0,2156.0,774.0,0.0,1746.0,0.0,6816.0,0.0,48802.0,9807.0,22524.0,595.0,8661.0,872.0,42459.0,18.0,4351.0,3866.0,4593.0,12816.0,802222.0,966700.0
E6903_2016-17,E6903,South Yorkshire Pensions Fund,2016-17,fund,205361.0,51881.0,0.0,4724.0,0.0,11649.0,222.0,24513.0,503.0,298853.0,54193.0,203077.0,177179.0,13830.0,11141.0,459420.0,434.0,50811.0,47756.0,52741.0,152289.0,6254424.0,7649847.0
E6906_2016-17,E6906,West Yorkshire Superannuation Fund,2016-17,fund,370147.0,90006.0,0.0,12371.0,0.0,18660.0,0.0,10278.0,1469.0,502931.0,110949.0,271661.0,341464.0,22632.0,0.0,746706.0,734.0,101666.0,84614.0,83760.0,270255.0,11210980.0,13587987.0
W7601_2016-17,W7601,Cardiff UA,2016-17,fund,60659.0,10510.0,0.0,2537.0,421.0,4807.0,0.0,13370.0,117.0,92421.0,16862.0,61674.0,19115.0,3241.0,1460.0,102352.0,37.0,15008.0,10846.0,12697.0,38633.0,1628880.0,1981989.0
E3921_2017-18,E3921,Wiltshire,2017-18,fund,68166.0,13412.0,0.0,1737.0,0.0,3690.0,313.0,9081.0,0.0,96399.0,20061.0,80160.0,11701.0,3798.0,0.0,115720.0,190.0,21781.0,16235.0,29253.0,67307.0,2187470.0,2398479.0
E5033_2017-18,E5033,Brent,2017-18,fund,34375.0,4260.0,0.0,284.0,0.0,36066.0,0.0,4320.0,0.0,79305.0,8109.0,41730.0,1156.0,3632.0,0.0,54627.0,76.0,6484.0,6642.0,8237.0,21366.0,803625.0,801060.0
E3320_2018-19,E3320,Somerset,2018-19,fund,76008.0,17761.0,0.0,2088.0,0.0,5951.0,0.0,7956.0,383.0,110147.0,20909.0,85071.0,45712.0,5672.0,2699.0,160063.0,168.0,19990.0,17326.0,29078.0,66889.0,2058939.0,2179376.0
E5019_2018-19,E5019,Southwark,2018-19,fund,51418.0,6571.0,0.0,1123.0,0.0,4964.0,0.0,7508.0,0.0,71584.0,12651.0,43478.0,15814.0,2762.0,0.0,74705.0,59.0,6548.0,7724.0,10915.0,25260.0,1530947.0,1641986.0
E5021_2018-19,E5021,Wandsworth,2018-19,fund,63784.0,11431.0,6.0,2115.0,0.0,18626.0,0.0,10064.0,408.0,106434.0,14440.0,45502.0,31141.0,10357.0,125221.0,226661.0,62.0,10703.0,9798.0,17679.0,38310.0,2266456.0,2382509.0
E5034_2018-19,E5034,Bromley,2018-19,fund,27531.0,6255.0,0.0,335.0,0.0,3616.0,0.0,4918.0,152.0,42807.0,6604.0,24984.0,20627.0,2655.0,0.0,54870.0,113.0,6319.0,5358.0,5746.0,17435.0,971737.0,1041103.0
E5046_2018-19,E5046,Redbridge,2018-19,fund,26962.0,3874.0,0.0,433.0,0.0,18057.0,0.0,3032.0,20.0,52378.0,7119.0,27694.0,7202.0,2300.0,0.0,44315.0,24.0,5749.0,4553.0,7766.0,18068.0,772124.0,803468.0
E0101_2019-20,E0101,Bath & North East Somerset,2019-20,fund,149862.0,27527.0,0.0,3853.0,0.0,12818.0,0.0,31103.0,0.0,225163.0,41588.0,120060.0,32568.0,20452.0,0.0,214668.0,613.0,38294.0,33619.0,42794.0,114775.0,4817827.0,4471822.0
E2620_2019-20,E2620,Norfolk,2019-20,fund,121309.0,20620.0,0.0,2382.0,0.0,6112.0,379.0,24527.0,0.0,175329.0,31231.0,119463.0,84245.0,12103.0,0.0,247042.0,513.0,29137.0,26343.0,36700.0,92360.0,3809192.0,3621120.0
E5015_2019-20,E5015,Islington,2019-20,fund,50220.0,9246.0,0.0,971.0,0.0,6450.0,0.0,3275.0,0.0,70162.0,12970.0,37755.0,17948.0,5452.0,2647.0,76772.0,33.0,6552.0,6874.0,8241.0,21683.0,1386879.0,1356191.0
E0421_2020-21,E0421,Buckinghamshire,2020-21,fund,100311.0,18220.0,100.0,2749.0,0.0,18369.0,0.0,18371.0,590.0,158710.0,34795.0,117504.0,23079.0,24293.0,198.0,199869.0,369.0,25490.0,21083.0,31462.0,78054.0,2902913.0,3628709.0
E0621_2020-21,E0621,Cheshire,2020-21,fund,161135.0,24692.0,0.0,5092.0,0.0,14075.0,0.0,26788.0,466.0,232248.0,39862.0,160387.0,30013.0,12244.0,0.0,242506.0,308.0,43212.0,31084.0,31398.0,105694.0,5514329.0,6549238.0
E1821_2020-21,E1821,Worcestershire,2020-21,fund,93066.0,15729.0,0.0,2969.0,957.0,9492.0,4.0,18919.0,1508.0,142644.0,25048.0,176560.0,28784.0,28978.0,199.0,259569.0,293.0,22713.0,19530.0,22291.0,64562.0,2614400.0,3282000.0
E3620_2020-21,E3620,Surrey,2020-21,fund,139089.0,16569.0,0.0,4267.0,97.0,14465.0,0.0,13036.0,0.0,187523.0,44332.0,162350.0,25564.0,12727.0,0.0,244973.0,360.0,39215.0,28068.0,44209.0,111800.0,3859486.0,5013019.0
E5010_2020-21,E5010,City of London,2020-21,fund,40904.0,7723.0,0.0,1178.0,0.0,1882.0,0.0,9144.0,0.0,60831.0,12141.0,33556.0,3392.0,2574.0,1584.0,53247.0,21.0,4637.0,4357.0,5039.0,14113.0,1028743.0,1301119.0
E5011_2020-21,E5011,Camden,2020-21,fund,55445.0,10013.0,0.0,1485.0,0.0,6147.0,0.0,17664.0,0.0,90754.0,13625.0,55772.0,10073.0,4137.0,690.0,84297.0,84.0,5705.0,7582.0,9353.0,22656.0,1545841.0,2092584.0
E5035_2020-21,E5035,Croydon,2020-21,fund,47839.0,7946.0,0.0,1427.0,192.0,6839.0,0.0,14561.0,0.0,78804.0,14743.0,54313.0,7310.0,8001.0,0.0,84367.0,135.0,9994.0,8500.0,11492.0,29997.0,1256839.0,1537697.0
E3421_2021-22,E3421,Staffordshire,2021-22,fund,159532.0,32603.0,0.0,3614.0,0.0,9812.0,1.0,22097.0,538.0,228197.0,37673.0,142458.0,64354.0,11657.0,460.0,256602.0,501.0,32823.0,39080.0,42704.0,114645.0,6152390.0,6833122.0
W7404_2021-22,W7404,Rhondda Cynon Taff UA,2021-22,fund,112224.0,18105.0,0.0,3195.0,0.0,11749.0,0.0,14329.0,217.0,159819.0,31121.0,105039.0,52410.0,8257.0,4.0,196831.0,88.0,24196.0,21036.0,30056.0,75611.0,4493407.0,4510186.0
E0820_2022-23,E0820,Cornwall,2022-23,fund,73692.0,6327.0,5611.0,2066.0,0.0,4505.0,0.0,25201.0,250.0,117652.0,20166.0,75940.0,18235.0,6215.0,12.0,120568.0,235.0,17883.0,17602.0,21536.0,57362.0,2362903.0,2344828.0
E1821_2022-23,E1821,Worcestershire,2022-23,fund,100661.0,18941.0,0.0,2525.0,808.0,12643.0,7.0,17975.0,0.0,153560.0,27755.0,70139.0,37961.0,21979.0,625.0,158459.0,306.0,22724.0,20542.0,24018.0,67847.0,3543400.0,3557400.0
E2001_2022-23,E2001,East Riding of Yorkshire UA,2022-23,fund,151955.0,11560.0,17707.0,6577.0,330.0,8871.0,0.0,9111.0,0.0,206111.0,45748.0,96077.0,163010.0,7931.0,0.0,312766.0,477.0,44336.0,37715.0,39989.0,122132.0,6262642.0,6244645.0
E5014_2022-23,E5014,Hammersmith & Fulham,2022-23,fund,40045.0,6719.0,0.0,1073.0,84.0,6738.0,0.0,8283.0,210.0,63152.0,9539.0,27421.0,24673.0,6847.0,21.0,68501.0,99.0,4813.0,5803.0,6203.0,16819.0,1324913.0,1290443.0
EW001_2022-23,EW001,England & Wales,2022-23,national_total,10116365.0,1653732.0,187218.0,287726.0,12800.0,926871.0,1517.0,2047618.0,35657.0,15269504.0,2816121.0,8443757.0,5076789.0,950773.0,40169.0,17327609.0,20353.0,2102921.0,2022435.0,2422918.0,6569537.0,368892090.0,359183584.0
E3921_2023-24,E3921,Wiltshire,2023-24,fund,96719.0,14178.0,0.0,2321.0,0.0,10749.0,476.0,39822.0,0.0,164265.0,29527.0,123472.0,35737.0,15937.0,0.0,204673.0,180.0,24569.0,22129.0,39041.0,85766.0,3070699.0,3348468.0
E5013_2023-24,E5013,Hackney,2023-24,fund,59496.0,14540.0,0.0,2092.0,0.0,9867.0,0.0,16455.0,0.0,102450.0,16655.0,65623.0,34559.0,6390.0,0.0,123227.0,37.0,8239.0,8470.0,11001.0,27710.0,1871394.0,2050972.0
E5014_2023-24,E5014,Hammersmith & Fulham,2023-24,fund,44317.0,7481.0,0.0,1485.0,109.0,6980.0,0.0,10857.0,473.0,71702.0,10303.0,31323.0,19351.0,8299.0,0.0,69276.0,151.0,5032.0,6033.0,7032.0,18097.0,1290443.0,1377564.0
E5039_2023-24,E5039,Harrow,2023-24,fund,37038.0,6779.0,0.0,760.0,0.0,6868.0,0.0,4325.0,82.0,55852.0,8623.0,29190.0,11155.0,4485.0,123.0,53576.0,56.0,5847.0,6925.0,6995.0,19777.0,954822.0,1055754.0
E5043_2023-24,E5043,Kingston upon Thames,2023-24,fund,33870.0,3798.0,0.0,949.0,0.0,4296.0,0.0,7348.0,178.0,50439.0,10467.0,34033.0,20517.0,9995.0,0.0,75012.0,37.0,5916.0,5366.0,8420.0,19705.0,1093093.0,1250335.0
G008_2023-24,G008,Environment Agency Active Pension Fund,2023-24,fund,101016.0,17226.0,0.0,1909.0,53.0,1679.0,0.0,23818.0,163.0,145864.0,36948.0,104025.0,46872.0,10684.0,0.0,198529.0,3.0,13882.0,8481.0,8406.0,30769.0,4294089.0,4663107.0
E2620_2024-25,E2620,Norfolk,2024-25,fund,167680.0,29608.0,0.0,3983.0,0.0,10698.0,384.0,34908.0,13604.0,260865.0,44018.0,161142.0,109528.0,15931.0,0.0,330619.0,608.0,32940.0,32537.0,42753.0,108317.0,5318592.0,5499148.0
E5030_2024-25,E5030,Barking & Dagenham,2024-25,fund,45471.0,11147.0,0.0,988.0,0.0,8195.0,0.0,6637.0,0.0,72438.0,12720.0,43177.0,32872.0,4161.0,1507.0,94437.0,42.0,6419.0,6822.0,7455.0,20696.0,1449099.0,1551329.0
W7320_2024-25,W7320,Gwynedd,2024-25,fund,70063.0,21597.0,0.0,2860.0,0.0,7870.0,0.0,18282.0,0.0,120672.0,24831.0,76929.0,65847.0,9156.0,3.0,176766.0,79.0,19271.0,12751.0,14981.0,47472.0,3069995.0,3231715.0
G008_2024-25,G008,Environment Agency Active Pension Fund,2024-25,fund,113203.0,20234.0,0.0,2634.0,187.0,7990.0,0.0,25986.0,196.0,170430.0,38877.0,98408.0,63368.0,17002.0,0.0,217655.0,3.0,14076.0,8887.0,8334.0,31297.0,4663107.0,4763912.0
E2920_2016-17,E2920,Northumberland,2016-17,fund,41475.0,7466.0,0.0,1755.0,0.0,2493.0,88.0,6261.0,0.0,59538.0,8521.0,36014.0,7241.0,3004.0,0.0,54780.0,42.0,8844.0,8304.0,8724.0,25895.0,1055262.0,1308322.0
E5017_2016-17,E5017,Lambeth,2016-17,fund,44211.0,10540.0,0.0,1043.0,140.0,4176.0,0.0,3286.0,254.0,63650.0,8756.0,47756.0,31935.0,2769.0,0.0,91216.0,22.0,5159.0,7078.0,8629.0,20890.0,1141917.0,1346377.0
E5039_2016-17,E5039,Harrow,2016-17,fund,27044.0,4074.0,0.0,671.0,0.0,1832.0,0.0,5228.0,0.0,38849.0,6960.0,22978.0,10250.0,2659.0,0.0,42847.0,34.0,5525.0,5557.0,6912.0,18113.0,661001.0,806576.0
E6344_2016-17,E6344,South Yorkshire PTA,2016-17,fund,9098.0,2187.0,0.0,111.0,0.0,0.0,0.0,952.0,0.0,12348.0,269.0,6466.0,5174.0,13.0,0.0,11922.0,1.0,152.0,1565.0,369.0,2086.0,204310.0,239575.0
E0305_2017-18,E0305,Windsor & Maidenhead UA,2017-18,fund,80065.0,17520.0,0.0,2908.0,0.0,9706.0,0.0,9204.0,478.0,119881.0,26650.0,81941.0,37734.0,13403.0,0.0,159728.0,377.0,26635.0,16948.0,25950.0,69559.0,1892267.0,2012263.0
E3120_2017-18,E3120,Oxfordshire,2017-18,fund,67756.0,13866.0,0.0,1593.0,0.0,7388.0,0.0,10925.0,375.0,101903.0,22038.0,73419.0,75007.0,7562.0,506.0,178532.0,206.0,19737.0,15095.0,29622.0,64723.0,2257120.0,2355350.0
E5034_2017-18,E5034,Bromley,2017-18,fund,26332.0,5025.0,0.0,776.0,0.0,3842.0,0.0,4768.0,171.0,40914.0,6284.0,22954.0,8805.0,3568.0,0.0,41611.0,111.0,6041.0,5200.0,5689.0,16936.0,945733.0,971737.0
W7102_2017-18,W7102,Carmarthenshire UA,2017-18,fund,64232.0,2907.0,11254.0,1807.0,0.0,2304.0,0.0,11216.0,0.0,93720.0,18229.0,53441.0,19087.0,1699.0,0.0,92456.0,87.0,18107.0,12603.0,15627.0,46360.0,2335178.0,2435150.0
W7320_2017-18,W7320,Gwynedd,2017-18,fund,42708.0,9670.0,0.0,1533.0,0.0,2306.0,0.0,13367.0,252.0,69836.0,15930.0,66372.0,15155.0,4360.0,3.0,101820.0,72.0,18297.0,9204.0,11381.0,38904.0,1864233.0,1937975.0
E9999_2017-18,E9999,England,2017-18,national_total,7490120.0,1388236.0,115156.0,200731.0,3915.0,1601611.0,2574.0,1101861.0,27383.0,11931587.0,2004219.0,8925342.0,4212318.0,1292360.0,46252.0,16480491.0,16544.0,1860606.0,1561746.0,1998197.0,5433235.0,242818579.0,254180965.0
E0521_2018-19,E0521,Cambridgeshire,2018-19,fund,84204.0,19244.0,0.0,2811.0,0.0,11171.0,0.0,16889.0,0.0,134319.0,26427.0,98145.0,45493.0,4882.0,0.0,174947.0,254.0,28976.0,18775.0,35158.0,82909.0,2969306.0,3192594.0
E1920_2018-19,E1920,Hertfordshire,2018-19,fund,130031.0,25092.0,0.0,3094.0,0.0,8468.0,0.0,12882.0,547.0,180114.0,37082.0,142856.0,27949.0,17759.0,9.0,225655.0,461.0,36376.0,27770.0,43419.0,107815.0,4499017.0,4835004.0
E2620_2018-19,E2620,Norfolk,2018-19,fund,115356.0,20445.0,0.0,2834.0,0.0,6415.0,534.0,20634.0,0.0,166218.0,29705.0,117522.0,68738.0,14336.0,0.0,230301.0,484.0,28661.0,25414.0,36917.0,91178.0,3603370.0,3809192.0
E5011_2018-19,E5011,Camden,2018-19,fund,49869.0,10045.0,0.0,977.0,0.0,7132.0,74.0,9230.0,519.0,77846.0,11288.0,51035.0,22761.0,9039.0,325.0,94448.0,83.0,5371.0,7206.0,9276.0,21871.0,1580216.0,1656542.0
E0820_2019-20,E0820,Cornwall,2019-20,fund,62889.0,6703.0,5944.0,1357.0,0.0,2967.0,0.0,19435.0,569.0,99864.0,18140.0,71807.0,24179.0,8868.0,9.0,123003.0,202.0,18406.0,15024.0,20785.0,54520.0,1929970.0,1914100.0
E2421_2019-20,E2421,Leicestershire,2019-20,fund,127800.0,32900.0,0.0,3100.0,0.0,15000.0,0.0,40100.0,0.0,218900.0,42700.0,167900.0,35800.0,12300.0,0.0,258700.0,275.0,35340.0,29041.0,30608.0,95946.0,4312000.0,4155200.0
E3320_2019-20,E3320,Somerset,2019-20,fund,81657.0,15654.0,0.0,2515.0,0.0,11386.0,0.0,8175.0,304.0,119691.0,21186.0,82132.0,33203.0,16017.0,3301.0,155839.0,194.0,20358.0,18289.0,28257.0,67423.0,2179376.0,2055810.0
E3921_2019-20,E3921,Wiltshire,2019-20,fund,77241.0,13087.0,0.0,1293.0,0.0,10943.0,193.0,37221.0,78.0,140056.0,22888.0,97048.0,12489.0,19444.0,0.0,151869.0,174.0,23487.0,18107.0,39187.0,80824.0,2619920.0,2503878.0
E5045_2019-20,E5045,Newham,2019-20,fund,46698.0,11100.0,0.0,1485.0,0.0,7992.0,0.0,8624.0,545.0,76444.0,13468.0,42699.0,28249.0,5255.0,0.0,89671.0,55.0,9374.0,7760.0,12034.0,29168.0,1436012.0,1371154.0
E5046_2019-20,E5046,Redbridge,2019-20,fund,28166.0,5461.0,0.0,1006.0,0.0,5283.0,0.0,3449.0,47.0,43412.0,7610.0,30596.0,12511.0,2001.0,0.0,52718.0,25.0,5691.0,4658.0,7909.0,18258.0,803468.0,759424.0
E6905_2019-20,E6905,West Midlands Pension Fund,2019-20,fund,523900.0,100000.0,0.0,13900.0,900.0,37600.0,0.0,91500.0,2400.0,770200.0,121100.0,232100.0,178200.0,522900.0,14300.0,1068600.0,989.0,117950.0,104045.0,111939.0,333934.0,15714100.0,15288100.0
W7320_2019-20,W7320,Gwynedd,2019-20,fund,48356.0,12343.0,0.0,1629.0,0.0,4507.0,0.0,13121.0,162.0,80118.0,17914.0,56502.0,9318.0,4887.0,5.0,88626.0,76.0,19218.0,10314.0,12519.0,42369.0,2081347.0,1938337.0
E1321_2020-21,E1321,Durham,2020-21,fund,110209.0,20560.0,0.0,3279.0,0.0,3762.0,0.0,13187.0,228.0,151225.0,27684.0,119950.0,20665.0,4128.0,3.0,172430.0,136.0,21340.0,20652.0,16595.0,58641.0,2786247.0,3480546.0
E2421_2020-21,E2421,Leicestershire,2020-21,fund,132100.0,27500.0,0.0,5000.0,0.0,6700.0,0.0,45300.0,0.0,216600.0,45100.0,183000.0,30700.0,5300.0,0.0,264100.0,288.0,35519.0,30088.0,30457.0,97525.0,4155200.0,5146700.0
E3921_2020-21,E3921,Wiltshire,2020-21,fund,89109.0,13060.0,0.0,2099.0,0.0,7706.0,293.0,29164.0,0.0,141431.0,24060.0,94323.0,10027.0,228.0,0.0,128638.0,179.0,23131.0,19013.0,40287.0,82454.0,2503878.0,2959985.0
E5019_2020-21,E5019,Southwark,2020-21,fund,53003.0,8443.0,0.0,1296.0,0.0,6013.0,0.0,10838.0,1226.0,80819.0,14007.0,46230.0,13175.0,9475.0,0.0,82887.0,114.0,6332.0,7575.0,9190.0,23312.0,1581541.0,1948624.0
E5036_2020-21,E5036,Ealing,2020-21,fund,42211.0,5358.0,0.0,916.0,0.0,7573.0,0.0,5068.0,162.0,61288.0,11539.0,54289.0,23862.0,7213.0,0.0,96903.0,37.0,7683.0,7600.0,9786.0,25076.0,1192157.0,1473142.0
E5041_2020-21,E5041,Hillingdon,2020-21,fund,39955.0,6478.0,0.0,778.0,82.0,3459.0,0.0,10749.0,0.0,61501.0,10231.0,38450.0,13667.0,4803.0,0.0,67151.0,151.0,7768.0,6861.0,8581.0,23253.0,986131.0,1161568.0
E6906_2020-21,E6906,West Yorkshire Superannuation Fund,2020-21,fund,440419.0,95919.0,0.0,13739.0,0.0,22107.0,0.0,10002.0,1266.0,583452.0,126785.0,353385.0,361159.0,26934.0,0.0,868263.0,792.0,101079.0,99548.0,96524.0,297384.0,13214298.0,16327202.0
W7702_2020-21,W7702,Swansea UA,2020-21,fund,70195.0,11417.0,0.0,3127.0,0.0,3934.0,0.0,13514.0,113.0,102300.0,20199.0,81813.0,39722.0,3092.0,50.0,144876.0,40.0,20388.0,13864.0,11829.0,46100.0,1988022.0,2614455.0
E0101_2021-22,E0101,Bath & North East Somerset,2021-22,fund,159686.0,30068.0,0.0,2641.0,0.0,9112.0,0.0,36948.0,0.0,238455.0,46837.0,138924.0,25683.0,13598.0,0.0,225042.0,665.0,40034.0,36871.0,43647.0,120669.0,5308710.0,5821992.0
E1321_2021-22,E1321,Durham,2021-22,fund,112961.0,26042.0,0.0,2568.0,0.0,5871.0,0.0,22427.0,361.0,170230.0,28748.0,91007.0,28231.0,7842.0,4.0,155832.0,138.0,22141.0,21346.0,17224.0,60763.0,3480546.0,3600014.0
E1821_2021-22,E1821,Worcestershire,2021-22,fund,95471.0,16561.0,0.0,2694.0,824.0,9999.0,7.0,23025.0,0.0,148581.0,25620.0,65114.0,36797.0,13696.0,9.0,141236.0,297.0,22508.0,20276.0,23706.0,66524.0,3282000.0,3543400.0
E5010_2021-22,E5010,City of London,2021-22,fund,43087.0,8852.0,0.0,878.0,0.0,1901.0,0.0,10888.0,0.0,65606.0,12138.0,33312.0,4049.0,3454.0,5945.0,58898.0,20.0,4729.0,4565.0,5118.0,14474.0,1301119.0,1388251.0
E5022_2021-22,E5022,Westminster,2021-22,fund,49617.0,3235.0,2577.0,727.0,560.0,5785.0,0.0,13309.0,0.0,75810.0,11775.0,108054.0,7845.0,5106.0,3.0,132783.0,59.0,4762.0,6362.0,6689.0,17881.0,1747353.0,1858363.0
E5034_2021-22,E5034,Bromley,2021-22,fund,30053.0,4079.0,0.0,345.0,0.0,2812.0,0.0,5594.0,1198.0,44081.0,9672.0,26779.0,25658.0,4567.0,0.0,66676.0,139.0,6278.0,5828.0,7205.0,19313.0,1288267.0,1339056.0
E5039_2021-22,E5039,Harrow,2021-22,fund,31640.0,4672.0,0.0,662.0,0.0,6087.0,0.0,5331.0,54.0,48446.0,7659.0,28399.0,7030.0,3066.0,33.0,46187.0,44.0,5586.0,6460.0,6957.0,19009.0,967984.0,1018011.0
E5041_2021-22,E5041,Hillingdon,2021-22,fund,42557.0,3572.0,4452.0,1448.0,161.0,4887.0,0.0,10832.0,0.0,67909.0,11015.0,39654.0,11858.0,4297.0,0.0,66824.0,136.0,5593.0,7402.0,11999.0,25043.0,1161568.0,1264200.0
E6906_2021-22,E6906,West Yorkshire Superannuation Fund,2021-22,fund,460264.0,117537.0,0.0,13506.0,0.0,18505.0,0.0,10455.0,1488.0,621755.0,134654.0,340809.0,425221.0,32012.0,0.0,932696.0,817.0,104891.0,103459.0,98367.0,306947.0,16327202.0,17906416.0
W7002_2021-22,W7002,Flintshire UA,2021-22,fund,66875.0,5191.0,9381.0,2251.0,0.0,4456.0,0.0,25766.0,0.0,113920.0,18250.0,66296.0,23589.0,6956.0,0.0,115091.0,91.0,16998.0,14479.0,17875.0,49695.0,2226208.0,2489492.0
E9999_2021-22,E9999,England,2021-22,national_total,8902942.0,1505204.0,156094.0,257245.0,6779.0,810380.0,1648.0,1910380.0,23622.0,13574294.0,2385970.0,7201611.0,4265264.0,975043.0,46728.0,14874616.0,19204.0,1877989.0,1817666.0,2214884.0,5926823.0,315594695.0,340826468.0
E0421_2022-23,E0421,Buckinghamshire,2022-23,fund,109826.0,8885.0,10990.0,3296.0,0.0,17354.0,0.0,21820.0,0.0,172171.0,38230.0,127731.0,14581.0,23383.0,146.0,204071.0,429.0,25171.0,22776.0,33210.0,81575.0,3913170.0,3741873.0
E2321_2022-23,E2321,Lancashire,2022-23,fund,266122.0,43705.0,0.0,4251.0,0.0,18913.0,0.0,116848.0,0.0,449839.0,73413.0,99055.0,184695.0,17744.0,0.0,374907.0,322.0,57181.0,56446.0,75981.0,190786.0,10711506.0,10847089.0
E2421_2022-23,E2421,Leicestershire,2022-23,fund,146500.0,37800.0,0.0,4100.0,0.0,13600.0,0.0,54500.0,0.0,256500.0,50200.0,212000.0,43800.0,12400.0,0.0,318400.0,187.0,38170.0,32532.0,31437.0,103823.0,5790000.0,5774300.0
E2820_2022-23,E2820,Northamptonshire,2022-23,fund,88236.0,14282.0,0.0,2982.0,0.0,10648.0,0.0,16615.0,0.0,132763.0,26864.0,103236.0,34027.0,16937.0,0.0,181064.0,325.0,23949.0,18414.0,38361.0,80724.0,3367746.0,3249999.0
E3520_2022-23,E3520,Suffolk,2022-23,fund,94180.0,15246.0,0.0,1910.0,0.0,5930.0,0.0,17562.0,371.0,135199.0,28055.0,105503.0,57656.0,10571.0,0.0,201785.0,389.0,22473.0,19165.0,30941.0,72579.0,3756428.0,3758873.0
E1221_2023-24,E1221,Dorset UA,2023-24,fund,135005.0,19660.0,0.0,4615.0,0.0,12420.0,0.0,20955.0,502.0,193157.0,34887.0,121979.0,18514.0,15871.0,0.0,191251.0,347.0,26626.0,27211.0,28584.0,82486.0,3526349.0,3919774.0
E2721_2023-24,E2721,North Yorkshire,2023-24,fund,120158.0,15681.0,17037.0,5136.0,0.0,23465.0,0.0,35711.0,0.0,217188.0,38393.0,110099.0,20383.0,22878.0,0.0,191753.0,346.0,29772.0,30907.0,39914.0,100661.0,4220724.0,4644715.0
E5022_2023-24,E5022,Westminster,2023-24,fund,57304.0,4146.0,4761.0,785.0,642.0,10101.0,0.0,22626.0,0.0,100365.0,14699.0,35270.0,28019.0,12977.0,72.0,91037.0,62.0,4899.0,6751.0,7267.0,18998.0,1790022.0,2007470.0
E5035_2023-24,E5035,Croydon,2023-24,fund,57979.0,10776.0,0.0,2077.0,180.0,15111.0,0.0,16893.0,0.0,103016.0,15728.0,54577.0,12040.0,28284.0,0.0,110629.0,139.0,9848.0,9834.0,11331.0,31166.0,1676873.0,1859978.0
W7204_2023-24,W7204,Torfaen UA,2023-24,fund,123446.0,30567.0,0.0,4898.0,0.0,8427.0,0.0,17913.0,3224.0,188475.0,36139.0,130541.0,60933.0,11751.0,1876.0,241240.0,102.0,25547.0,21047.0,19700.0,66357.0,3762878.0,4248591.0
E0521_2024-25,E0521,Cambridgeshire,2024-25,fund,126680.0,25244.0,0.0,3398.0,0.0,15959.0,0.0,27837.0,90.0,199208.0,39426.0,121415.0,86668.0,15721.0,0.0,263230.0,194.0,29321.0,24609.0,47164.0,101094.0,4757975.0,4906445.0
E1021_2024-25,E1021,Derbyshire,2024-25,fund,193726.0,14329.0,30113.0,6659.0,0.0,23588.0,0.0,35946.0,696.0,305057.0,52483.0,181998.0,96980.0,17202.0,0.0,348663.0,449.0,37261.0,36781.0,36050.0,111270.0,6464170.0,6691721.0
E3820_2024-25,E3820,West Sussex,2024-25,fund,135178.0,8887.0,15625.0,3719.0,0.0,22459.0,0.0,33019.0,860.0,219747.0,40603.0,125571.0,171280.0,17870.0,68.0,355392.0,350.0,27188.0,25139.0,38960.0,91453.0,5793818.0,5867858.0
E5010_2024-25,E5010,City of London,2024-25,fund,54557.0,7232.0,0.0,1582.0,0.0,4262.0,0.0,8222.0,0.0,75855.0,15682.0,44152.0,26872.0,7358.0,450.0,94514.0,21.0,5236.0,5045.0,5240.0,15532.0,1495711.0,1525252.0
E5019_2024-25,E5019,Southwark,2024-25,fund,67302.0,12338.0,0.0,1668.0,0.0,8258.0,0.0,15046.0,122.0,104734.0,18269.0,53574.0,46266.0,8016.0,2382.0,128507.0,88.0,9596.0,8979.0,9009.0,27584.0,2247603.0,2261240.0
E6904_2024-25,E6904,Tyne and Wear Superannuation Fund,2024-25,fund,432400.0,96971.0,0.0,9707.0,8.0,19144.0,0.0,91891.0,0.0,650121.0,94855.0,260563.0,189173.0,23893.0,22.0,568506.0,391.0,62682.0,70559.0,51634.0,186904.0,13282486.0,13529568.0
E0221_2016-17,E0221,Bedfordshire,2016-17,fund,69307.0,8475.0,6480.0,2153.0,0.0,7153.0,0.0,7890.0,399.0,101857.0,23406.0,85530.0,8238.0,12848.0,88.0,130110.0,149.0,21127.0,15538.0,29456.0,66134.0,1732814.0,2073710.0
E1121_2016-17,E1121,Devon,2016-17,fund,136549.0,27717.0,0.0,3751.0,0.0,5694.0,225.0,12286.0,494.0,186716.0,36709.0,123164.0,39852.0,8205.0,0.0,207930.0,256.0,37857.0,31780.0,42212.0,112519.0,3335915.0,3928894.0
E3421_2016-17,E3421,Staffordshire,2016-17,fund,127209.0,33518.0,0.0,4516.0,0.0,11652.0,-67.0,14969.0,996.0,192793.0,36539.0,119083.0,62163.0,11193.0,1065.0,230043.0,238.0,34962.0,31697.0,39352.0,106079.0,3751927.0,4590513.0
W7204_2016-17,W7204,Torfaen UA,2016-17,fund,84681.0,21856.0,0.0,3424.0,0.0,5773.0,81.0,8936.0,168.0,124919.0,24825.0,78403.0,19282.0,5574.0,3977.0,132061.0,92.0,22739.0,16388.0,18068.0,57244.0,2205418.0,2699628.0
E1521_2017-18,E1521,Essex,2017-18,fund,189425.0,35072.0,0.0,5526.0,655.0,11497.0,114.0,44545.0,3965.0,290799.0,56186.0,219932.0,96614.0,10877.0,2155.0,385764.0,602.0,74690.0,40154.0,50594.0,165443.0,6031053.0,6518883.0
E2920_2017-18,E2920,Northumberland,2017-18,fund,42648.0,6561.0,0.0,1112.0,0.0,5756.0,77.0,6425.0,0.0,62579.0,8891.0,39473.0,8082.0,5100.0,0.0,61546.0,44.0,9031.0,8596.0,8940.0,26700.0,1308322.0,1344263.0
E5011_2017-18,E5011,Camden,2017-18,fund,47855.0,9475.0,0.0,919.0,0.0,5086.0,5.0,12410.0,454.0,76204.0,10990.0,47462.0,20736.0,8342.0,911.0,88441.0,83.0,5194.0,7028.0,9224.0,21456.0,1516602.0,1580216.0
E5019_2017-18,E5019,Southwark,2017-18,fund,47669.0,6338.0,0.0,1269.0,0.0,4124.0,0.0,6422.0,0.0,65822.0,11892.0,40027.0,14743.0,2792.0,0.0,69454.0,46.0,6540.0,7518.0,10290.0,24413.0,1494992.0,1530947.0
E5031_2017-18,E5031,Barnet,2017-18,fund,43156.0,6656.0,0.0,655.0,0.0,3980.0,0.0,5870.0,0.0,60317.0,11155.0,46378.0,2405.0,2732.0,0.0,62670.0,98.0,8963.0,7840.0,10293.0,27100.0,1052157.0,1098568.0
E5045_2017-18,E5045,Newham,2017-18,fund,41949.0,9547.0,0.0,1272.0,0.0,8011.0,0.0,5309.0,256.0,66344.0,12301.0,38166.0,18614.0,4000.0,0.0,73081.0,45.0,9287.0,7349.0,10418.0,27054.0,1315336.0,1328286.0
E6902_2017-18,E6902,Merseyside Pension Fund,2017-18,fund,252875.0,29083.0,27058.0,5541.0,447.0,14321.0,36.0,40028.0,0.0,369389.0,54138.0,352931.0,193429.0,12174.0,0.0,612672.0,194.0,49012.0,50151.0,38211.0,137476.0,8178479.0,8563441.0
W7501_2017-18,W7501,Powys UA,2017-18,fund,21000.0,4898.0,0.0,482.0,0.0,2461.0,4.0,3424.0,47.0,32316.0,4743.0,19505.0,5888.0,1905.0,37.0,32078.0,26.0,5535.0,4586.0,6186.0,16431.0,598142.0,618937.0
E0101_2018-19,E0101,Bath & North East Somerset,2018-19,fund,142405.0,25802.0,0.0,3656.0,0.0,9722.0,0.0,22858.0,0.0,204443.0,39920.0,114009.0,37012.0,9035.0,0.0,199976.0,583.0,36789.0,32072.0,42114.0,111070.0,4600925.0,4817827.0
E2001_2018-19,E2001,East Riding of Yorkshire UA,2018-19,fund,126510.0,14954.0,14050.0,3694.0,475.0,37483.0,0.0,7755.0,0.0,204921.0,36720.0,83163.0,134724.0,8872.0,1124.0,264603.0,380.0,40226.0,31422.0,43177.0,114870.0,4785805.0,5057719.0
E2101_2018-19,E2101,Isle of Wight UA,2018-19,fund,18362.0,3263.0,0.0,379.0,0.0,2115.0,0.0,4314.0,187.0,28620.0,3738.0,14588.0,15661.0,204.0,288.0,34479.0,42.0,4381.0,4631.0,6886.0,15911.0,570093.0,606425.0
E5010_2018-19,E5010,City of London,2018-19,fund,37053.0,7646.0,0.0,1358.0,0.0,1687.0,0.0,7982.0,0.0,55726.0,10978.0,30806.0,1439.0,5793.0,732.0,49748.0,19.0,4688.0,4136.0,4852.0,13690.0,988293.0,1063119.0
E5033_2018-19,E5033,Brent,2018-19,fund,37717.0,7108.0,0.0,1149.0,0.0,1806.0,0.0,6751.0,0.0,54531.0,9272.0,42850.0,1447.0,2777.0,0.0,56346.0,138.0,7280.0,6766.0,7791.0,21837.0,801060.0,864591.0
E5035_2018-19,E5035,Croydon,2018-19,fund,43431.0,8248.0,0.0,675.0,349.0,5445.0,0.0,8167.0,0.0,66315.0,12746.0,35062.0,5468.0,11584.0,0.0,64860.0,124.0,9709.0,7894.0,10835.0,28438.0,1139443.0,1258159.0
E6902_2018-19,E6902,Merseyside Pension Fund,2018-19,fund,265886.0,37142.0,29031.0,8639.0,538.0,18489.0,8.0,44434.0,0.0,404167.0,55422.0,155155.0,216248.0,11797.0,0.0,438622.0,206.0,46726.0,51487.0,40259.0,138570.0,8563441.0,8882738.0
E5016_2019-20,E5016,Kensington & Chelsea,2019-20,fund,27142.0,4704.0,0.0,334.0,0.0,5400.0,0.0,7344.0,546.0,45470.0,7505.0,19072.0,6908.0,4661.0,46.0,38192.0,31.0,3617.0,3154.0,5682.0,12488.0,1188585.0,1138328.0
E5017_2019-20,E5017,Lambeth,2019-20,fund,48254.0,7946.0,0.0,925.0,0.0,5748.0,0.0,2423.0,16.0,65312.0,9544.0,39727.0,26806.0,3025.0,0.0,79102.0,22.0,5041.0,7623.0,8539.0,21206.0,1439444.0,1427234.0
E6902_2019-20,E6902,Merseyside Pension Fund,2019-20,fund,278801.0,35318.0,30970.0,7018.0,0.0,17710.0,0.0,47569.0,329.0,417715.0,58396.0,189130.0,210018.0,18152.0,0.0,475696.0,209.0,46575.0,53030.0,40185.0,139960.0,8882738.0,8632909.0
E0305_2020-21,E0305,Windsor & Maidenhead UA,2020-21,fund,94947.0,10949.0,5944.0,2405.0,0.0,15606.0,0.0,13598.0,503.0,143952.0,30337.0,107860.0,29261.0,6959.0,0.0,174417.0,409.0,27416.0,19639.0,27026.0,74274.0,2034354.0,2353273.0
E1421_2020-21,E1421,East Sussex,2020-21,fund,108928.0,17194.0,0.0,2586.0,0.0,5561.0,0.0,17296.0,0.0,151565.0,29330.0,100042.0,39071.0,6044.0,0.0,174487.0,181.0,25002.0,21817.0,31234.0,78466.0,3479094.0,4244035.0
E1620_2020-21,E1620,Gloucestershire,2020-21,fund,75003.0,5604.0,5754.0,1908.0,0.0,5706.0,0.0,12114.0,225.0,106314.0,20110.0,121788.0,23932.0,5883.0,1878.0,173591.0,259.0,19222.0,16873.0,20274.0,56786.0,2244563.0,2902490.0
E2001_2020-21,E2001,East Riding of Yorkshire UA,2020-21,fund,139041.0,11575.0,13127.0,5533.0,431.0,8925.0,0.0,8103.0,0.0,186735.0,39696.0,207975.0,187316.0,15031.0,0.0,450018.0,413.0,38532.0,26993.0,34467.0,100050.0,4764005.0,5749208.0
E2321_2020-21,E2321,Lancashire,2020-21,fund,246869.0,37630.0,0.0,7297.0,0.0,17317.0,0.0,116360.0,0.0,425473.0,64500.0,351831.0,143852.0,10761.0,0.0,570944.0,316.0,54277.0,52252.0,71116.0,177799.0,8437697.0,9605306.0
E3320_2020-21,E3320,Somerset,2020-21,fund,84305.0,10871.0,0.0,1912.0,0.0,17031.0,0.0,9134.0,377.0,123630.0,22585.0,88932.0,19031.0,8408.0,3043.0,141999.0,197.0,20061.0,18921.0,28381.0,67907.0,2055810.0,2619072.0
E5012_2020-21,E5012,Greenwich,2020-21,fund,47466.0,1661.0,7669.0,1105.0,0.0,1451.0,0.0,7916.0,158.0,67426.0,14217.0,38986.0,4420.0,3863.0,0.0,61486.0,75.0,8666.0,7602.0,9204.0,25482.0,1238411.0,1532978.0
E5013_2020-21,E5013,Hackney,2020-21,fund,50701.0,11785.0,0.0,1035.0,0.0,6384.0,0.0,12003.0,0.0,81908.0,13996.0,62330.0,20119.0,4625.0,0.0,101070.0,41.0,7083.0,7502.0,10352.0,24946.0,1480119.0,1844250.0
E5016_2020-21,E5016,Kensington & Chelsea,2020-21,fund,28559.0,4476.0,0.0,812.0,0.0,3806.0,0.0,6690.0,231.0,44574.0,8211.0,18978.0,5226.0,8703.0,10.0,41128.0,32.0,3715.0,3396.0,5048.0,12198.0,1138328.0,1481251.0
E5044_2020-21,E5044,Merton,2020-21,fund,23286.0,3582.0,0.0,65.0,100.0,4679.0,0.0,4024.0,0.0,35736.0,7100.0,17127.0,9147.0,2318.0,0.0,35692.0,33.0,4361.0,4087.0,5947.0,14401.0,685130.0,896818.0
E1421_2021-22,E1421,East Sussex,2021-22,fund,111785.0,19179.0,0.0,3633.0,0.0,10744.0,0.0,26671.0,0.0,172012.0,31176.0,99620.0,40549.0,3756.0,0.0,175101.0,195.0,24514.0,22717.0,33646.0,81291.0,4244035.0,4687666.0
E5045_2021-22,E5045,Newham,2021-22,fund,49827.0,9058.0,555.0,2288.0,0.0,7705.0,0.0,8475.0,320.0,78228.0,15248.0,24703.0,22385.0,8511.0,1481.0,72328.0,54.0,9397.0,8061.0,12344.0,29802.0,1588384.0,1709945.0
W7501_2021-22,W7501,Powys UA,2021-22,fund,24323.0,3255.0,0.0,585.0,0.0,1474.0,0.0,4734.0,72.0,34443.0,5806.0,23248.0,12126.0,2656.0,1.0,43837.0,39.0,5655.0,5202.0,6964.0,17930.0,770822.0,818367.0
E5010_2022-23,E5010,City of London,2022-23,fund,45484.0,7297.0,0.0,428.0,0.0,3238.0,0.0,8283.0,0.0,64730.0,12628.0,34798.0,2591.0,3213.0,2330.0,55560.0,20.0,4612.0,4753.0,5209.0,14576.0,1388251.0,1375439.0
E5013_2022-23,E5013,Hackney,2022-23,fund,53869.0,8913.0,0.0,1929.0,0.0,10866.0,0.0,13976.0,0.0,89553.0,15825.0,66581.0,21933.0,8631.0,0.0,112970.0,37.0,7855.0,8243.0,10415.0,26520.0,1964512.0,1871394.0
E5018_2022-23,E5018,Lewisham,2022-23,fund,49145.0,9108.0,0.0,1498.0,0.0,6375.0,0.0,4117.0,30.0,70273.0,12300.0,39739.0,18156.0,10103.0,84.0,80382.0,50.0,6846.0,8524.0,11493.0,26864.0,1750283.0,1651977.0
E5041_2022-23,E5041,Hillingdon,2022-23,fund,42970.0,7235.0,0.0,1205.0,0.0,5347.0,0.0,13844.0,0.0,70601.0,12262.0,41124.0,11467.0,4542.0,0.0,69395.0,133.0,7299.0,7536.0,11133.0,26026.0,1264200.0,1180397.0
E2001_2023-24,E2001,East Riding of Yorkshire UA,2023-24,fund,170724.0,13286.0,23738.0,5994.0,463.0,11394.0,0.0,8990.0,0.0,234589.0,49399.0,207592.0,186190.0,0.0,12281.0,455462.0,502.0,43172.0,39314.0,46659.0,129256.0,6244645.0,6819103.0
E5031_2023-24,E5031,Barnet,2023-24,fund,59199.0,10376.0,0.0,1354.0,0.0,4712.0,0.0,20202.0,77.0,95920.0,15472.0,66479.0,4204.0,9965.0,0.0,96120.0,121.0,9463.0,9130.0,11431.0,30031.0,1465127.0,1634755.0
E6904_2023-24,E6904,Tyne and Wear Superannuation Fund,2023-24,fund,396210.0,80470.0,0.0,12178.0,1.0,23267.0,0.0,72964.0,0.0,585090.0,89594.0,244370.0,174304.0,19833.0,20.0,528121.0,335.0,62801.0,68069.0,52077.0,184722.0,12455399.0,13282486.0
W7501_2023-24,W7501,Powys UA,2023-24,fund,28258.0,4817.0,1672.0,1058.0,0.0,2795.0,0.0,6305.0,93.0,44998.0,6885.0,26233.0,5000.0,2717.0,2.0,40837.0,41.0,5656.0,5506.0,7186.0,18481.0,777087.0,819034.0
E0101_2024-25,E0101,Bath & North East Somerset,2024-25,fund,207455.0,39483.0,0.0,3644.0,0.0,20062.0,0.0,29875.0,0.0,300519.0,59211.0,191742.0,61263.0,17577.0,0.0,329793.0,779.0,42019.0,41149.0,46189.0,129523.0,5825531.0,5786286.0
E1121_2024-25,E1121,Devon,2024-25,fund,214002.0,39369.0,0.0,5222.0,0.0,13889.0,0.0,31722.0,1422.0,305626.0,56450.0,193404.0,63964.0,24574.0,0.0,338392.0,309.0,40324.0,41383.0,48410.0,131251.0,5913796.0,6129496.0
E1421_2024-25,E1421,East Sussex,2024-25,fund,144511.0,29087.0,0.0,3915.0,0.0,15978.0,0.0,29588.0,0.0,223079.0,43424.0,121571.0,84105.0,21882.0,0.0,270982.0,222.0,25138.0,26541.0,35104.0,87256.0,4932356.0,4988537.0
E2101_2024-25,E2101,Isle of Wight UA,2024-25,fund,25234.0,3936.0,0.0,375.0,0.0,4056.0,0.0,9592.0,86.0,43279.0,5500.0,19944.0,29972.0,863.0,145.0,56424.0,53.0,4493.0,6408.0,7756.0,18668.0,757619.0,799809.0
E3221_2024-25,E3221,Shropshire,2024-25,fund,88105.0,22014.0,0.0,2591.0,0.0,5634.0,0.0,23944.0,243.0,142531.0,21501.0,73017.0,14005.0,11061.0,0.0,119584.0,250.0,15997.0,15899.0,18105.0,50098.0,2503176.0,2626399.0
E5018_2024-25,E5018,Lewisham,2024-25,fund,59425.0,10896.0,0.0,1086.0,0.0,9377.0,0.0,3870.0,38.0,84692.0,13082.0,43198.0,31134.0,9126.0,47.0,96587.0,50.0,6728.0,8996.0,11856.0,27586.0,1841546.0,1880679.0
E5032_2024-25,E5032,Bexley,2024-25,fund,36912.0,6234.0,0.0,978.0,61.0,10670.0,0.0,11069.0,0.0,65924.0,7845.0,22634.0,23675.0,4973.0,259.0,59386.0,75.0,6002.0,6494.0,5280.0,17805.0,1021551.0,1032480.0
E5037_2024-25,E5037,Enfield,2024-25,fund,50139.0,10413.0,0.0,1031.0,0.0,9350.0,0.0,13255.0,470.0,84658.0,14971.0,44473.0,33296.0,8175.0,0.0,100915.0,63.0,8213.0,7562.0,8840.0,24617.0,1577226.0,1604626.0
E0521_2016-17,E0521,Cambridgeshire,2016-17,fund,76011.0,20004.0,0.0,2373.0,0.0,10421.0,0.0,15163.0,0.0,123972.0,24986.0,100463.0,30147.0,3292.0,0.0,158888.0,283.0,27779.0,16820.0,32735.0,77404.0,2243611.0,2813286.0
E1721_2016-17,E1721,Hampshire,2016-17,fund,190471.0,23370.0,17374.0,4041.0,0.0,13063.0,565.0,31045.0,1085.0,281014.0,60963.0,196545.0,110564.0,13765.0,0.0,381837.0,317.0,57781.0,37494.0,64060.0,160057.0,5213406.0,6337214.0
E4208_2016-17,E4208,Tameside,2016-17,fund,591560.0,117452.0,0.0,16538.0,0.0,42775.0,460.0,30305.0,1510.0,800600.0,139424.0,473366.0,364996.0,25510.0,0.0,1003296.0,785.0,109886.0,117999.0,129971.0,357856.0,17324623.0,21271060.0
E5011_2016-17,E5011,Camden,2016-17,fund,46013.34214,9540.88053999999,0.0,532.29459,0.0,3981.71486,119.99313,7974.87353,399.0,68562.09878999999,10589.987640000007,46118.82581999999,24795.03457,2336.166080000001,1374.6334700000002,85214.64757999999,79.0,4940.0,6801.0,8925.0,20743.0,1249295.45858,1516601.795208661
E5016_2016-17,E5016,Kensington & Chelsea,2016-17,fund,23027.0,4457.0,0.0,552.0,0.0,2110.0,0.0,4397.0,161.0,34704.0,6540.0,17135.0,6960.0,1232.0,0.0,31867.0,20.0,3271.0,2873.0,4364.0,10508.0,841015.0,1050795.0
E5020_2016-17,E5020,Tower Hamlets,2016-17,fund,35621.0,10827.0,0.0,1514.0,0.0,3517.0,0.0,3851.0,288.0,55618.0,11151.0,51812.0,17413.0,2195.0,0.0,82571.0,28.0,6631.0,5638.0,7203.0,19490.0,1126129.0,1367677.0
E5036_2016-17,E5036,Ealing,2016-17,fund,36977.0,6051.0,0.0,1104.0,0.0,3556.0,0.0,4067.0,340.0,52095.0,9955.0,38280.0,31107.0,9099.0,258.0,88699.0,41.0,6895.0,7054.0,8161.0,22110.0,953597.0,1146488.0
E5047_2016-17,E5047,Richmond upon Thames,2016-17,fund,9751.0,1952.0,0.0,108.0,1.0,676519.0,-7.0,869.0,51.0,689244.0,2575.0,9678.0,4650.0,224.0,0.0,17127.0,0.0,0.0,0.0,0.0,0.0,604940.0,0.0
W7320_2016-17,W7320,Gwynedd,2016-17,fund,41081.0,11093.0,0.0,1808.0,0.0,3970.0,0.0,11641.0,378.0,69971.0,15256.0,52439.0,12886.0,5894.0,9.0,86484.0,71.0,16281.0,8819.0,10669.0,35814.0,1525405.0,1864233.0
E1721_2017-18,E1721,Hampshire,2017-18,fund,198454.0,19074.0,16934.0,4740.0,0.0,12659.0,143.0,40732.0,1190.0,293926.0,63030.0,217890.0,111495.0,12285.0,0.0,404700.0,333.0,57877.0,39016.0,69503.0,167176.0,6337214.0,6613239.0
E1920_2017-18,E1920,Hertfordshire,2017-18,fund,122729.0,22904.0,0.0,2468.0,0.0,13190.0,58.0,14629.0,626.0,176604.0,35382.0,136379.0,39488.0,17635.0,112.0,228996.0,441.0,35780.0,26659.0,41409.0,104077.0,4243371.0,4499017.0
E3820_2017-18,E3820,West Sussex,2017-18,fund,88389.0,14526.0,1506.0,2406.0,815.0,7881.0,0.0,17334.0,0.0,132857.0,26440.0,98279.0,50414.0,36921.0,169.0,212223.0,253.0,27837.0,19067.0,28338.0,75625.0,3798289.0,4104276.0
E5022_2017-18,E5022,Westminster,2017-18,fund,43802.0,7034.0,0.0,1640.0,67.0,4807.0,0.0,5734.0,0.0,63084.0,8894.0,44982.0,15785.0,4992.0,0.0,74653.0,45.0,4444.0,5762.0,7642.0,17901.0,1261893.0,1330079.0
E5036_2017-18,E5036,Ealing,2017-18,fund,37537.0,6413.0,0.0,362.0,0.0,6064.0,0.0,4187.0,265.0,54828.0,10241.0,37544.0,33623.0,3493.0,138.0,85039.0,38.0,7140.0,7234.0,8320.0,22694.0,1146488.0,1202957.0
E6344_2017-18,E6344,South Yorkshire PTA,2017-18,fund,5475.0,1083.0,0.0,129.0,0.0,240728.0,0.0,726.0,0.0,248141.0,136.0,619.0,3065.0,29.0,0.0,3849.0,0.0,0.0,0.0,0.0,0.0,239575.0,0.0
E6906_2017-18,E6906,West Yorkshire Superannuation Fund,2017-18,fund,380862.0,90418.0,0.0,14528.0,0.0,478885.0,0.0,10359.0,1852.0,976904.0,111147.0,296198.0,392115.0,41770.0,0.0,841230.0,801.0,101794.0,84614.0,97583.0,284210.0,13632330.0,13566633.0
W7702_2017-18,W7702,Swansea UA,2017-18,fund,61207.0,14888.0,0.0,1314.0,0.0,4452.0,0.0,7324.0,101.0,89286.0,17666.0,70032.0,30891.0,3191.0,180.0,121960.0,35.0,19440.0,12763.0,11394.0,43828.0,1855882.0,1916510.0
E0221_2018-19,E0221,Bedfordshire,2018-19,fund,77244.0,7015.0,10011.0,3369.0,0.0,29437.0,0.0,8165.0,1060.0,136301.0,25720.0,101215.0,9317.0,9812.0,47.0,146111.0,175.0,22404.0,17435.0,30874.0,70729.0,2174629.0,2299040.0
E1021_2018-19,E1021,Derbyshire,2018-19,fund,127949.0,13782.0,14064.0,3948.0,0.0,12326.0,0.0,28129.0,650.0,200848.0,40178.0,153391.0,100816.0,10324.0,0.0,304709.0,318.0,44555.0,28922.0,27938.0,102146.0,4644031.0,4928587.0
E2421_2018-19,E2421,Leicestershire,2018-19,fund,124800.0,32500.0,0.0,4600.0,0.0,11900.0,0.0,7100.0,0.0,180900.0,39900.0,149500.0,36800.0,10300.0,0.0,236500.0,268.0,33229.0,28028.0,30650.0,93204.0,4083300.0,4312000.0
E5020_2018-19,E5020,Tower Hamlets,2018-19,fund,44763.0,11869.0,0.0,1681.0,0.0,4847.0,0.0,3631.0,224.0,67015.0,11103.0,33734.0,16238.0,6157.0,0.0,67232.0,34.0,6740.0,6410.0,7744.0,20949.0,1480656.0,1552158.0
E5043_2018-19,E5043,Kingston upon Thames,2018-19,fund,25310.0,4804.0,0.0,1027.0,198.0,899.0,0.0,7584.0,0.0,39822.0,7608.0,26299.0,8988.0,20438.0,0.0,63333.0,31.0,5240.0,4635.0,5354.0,15229.0,770278.0,867895.0
W7404_2018-19,W7404,Rhondda Cynon Taff UA,2018-19,fund,105653.0,20068.0,0.0,2972.0,0.0,14279.0,9.0,6843.0,4501.0,154325.0,26778.0,103870.0,67921.0,5305.0,4.0,203878.0,82.0,22472.0,19640.0,27425.0,69814.0,3203627.0,3456644.0
E1620_2019-20,E1620,Gloucestershire,2019-20,fund,72978.0,7956.0,5974.0,1334.0,0.0,7929.0,0.0,9896.0,373.0,106440.0,18962.0,81951.0,25042.0,12575.0,2207.0,140737.0,251.0,19121.0,16215.0,20173.0,55901.0,2378718.0,2244563.0
E3520_2019-20,E3520,Suffolk,2019-20,fund,83598.0,15053.0,0.0,1857.0,0.0,4186.0,0.0,14697.0,0.0,119391.0,22114.0,95765.0,40981.0,6943.0,1.0,165804.0,353.0,21670.0,16855.0,29255.0,67780.0,2931091.0,2808454.0
E3620_2019-20,E3620,Surrey,2019-20,fund,134183.0,23829.0,0.0,3539.0,92.0,15339.0,0.0,14701.0,0.0,191683.0,39470.0,147155.0,51320.0,11082.0,0.0,249027.0,347.0,36530.0,27143.0,46116.0,110083.0,4315578.0,3859486.0
E5031_2019-20,E5031,Barnet,2019-20,fund,47873.0,8638.0,0.0,909.0,0.0,7638.0,0.0,9536.0,0.0,74594.0,11543.0,51875.0,8598.0,1839.0,0.0,73855.0,95.0,7828.0,8313.0,11695.0,27841.0,1152136.0,1079433.0
E5036_2019-20,E5036,Ealing,2019-20,fund,41295.0,7029.0,0.0,870.0,0.0,3303.0,0.0,4973.0,323.0,57793.0,11042.0,40091.0,29571.0,6438.0,0.0,87142.0,37.0,7517.0,7576.0,8581.0,23674.0,1260264.0,1192157.0
E5041_2019-20,E5041,Hillingdon,2019-20,fund,38846.0,7330.0,0.0,1012.0,0.0,6870.0,0.0,9882.0,0.0,63940.0,10109.0,37196.0,23101.0,1746.0,0.0,72152.0,137.0,7435.0,5736.0,10624.0,23831.0,1066983.0,986131.0
E6903_2019-20,E6903,South Yorkshire Pensions Fund,2019-20,fund,239618.0,63216.0,0.0,5348.0,0.0,29267.0,0.0,49419.0,351.0,387219.0,60269.0,241396.0,73455.0,37063.0,6443.0,418626.0,526.0,49866.0,53822.0,56422.0,161477.0,8439965.0,8170401.0
W7102_2019-20,W7102,Carmarthenshire UA,2019-20,fund,72859.0,3254.0,11454.0,2200.0,0.0,3597.0,0.0,11177.0,0.0,104541.0,20182.0,60238.0,13436.0,6851.0,0.0,100707.0,88.0,18466.0,13972.0,15885.0,48332.0,2570848.0,2377619.0
W7501_2019-20,W7501,Powys UA,2019-20,fund,23040.0,4826.0,0.0,713.0,0.0,2698.0,0.0,3977.0,48.0,35302.0,5110.0,22257.0,5690.0,1459.0,34.0,34550.0,39.0,5566.0,4844.0,6212.0,16756.0,654573.0,644545.0
E9999_2019-20,E9999,England,2019-20,national_total,8330877.0,1519903.0,151170.0,220936.0,9376.0,903193.0,1379.0,1391923.0,35838.0,12564595.0,2172145.0,7116331.0,4256965.0,1458872.0,46369.0,15050682.0,18039.0,1855811.0,1689278.0,2121590.0,5680396.0,268929453.0,255569708.0
E2820_2020-21,E2820,Northamptonshire,2020-21,fund,80572.0,12452.0,0.0,3166.0,0.0,8958.0,0.0,14008.0,0.0,119156.0,23431.0,92880.0,23433.0,7759.0,0.0,147503.0,314.0,23868.0,17046.0,32164.0,73078.0,2404243.0,3103490.0
E5043_2020-21,E5043,Kingston upon Thames,2020-21,fund,27078.0,3822.0,0.0,797.0,0.0,2897.0,0.0,9317.0,91.0,44002.0,8394.0,32355.0,9426.0,3360.0,0.0,53535.0,29.0,5434.0,4867.0,5679.0,15980.0,799651.0,1027489.0
E2421_2021-22,E2421,Leicestershire,2021-22,fund,137300.0,34200.0,0.0,5700.0,0.0,17400.0,0.0,42500.0,0.0,237100.0,47000.0,192500.0,43600.0,9900.0,0.0,293000.0,289.0,35591.0,31397.0,30704.0,99240.0,5182200.0,5790000.0
E3120_2021-22,E3120,Oxfordshire,2021-22,fund,80268.0,13988.0,0.0,3138.0,0.0,7527.0,0.0,18548.0,213.0,123682.0,26485.0,77560.0,13919.0,9146.0,17.0,127127.0,179.0,21127.0,17562.0,30060.0,69128.0,2982336.0,3279642.0
E5032_2021-22,E5032,Bexley,2021-22,fund,29262.0,5414.0,0.0,750.0,10.0,4072.0,0.0,6758.0,1279.0,47545.0,6409.0,21654.0,14133.0,3480.0,88.0,45764.0,75.0,5196.0,5962.0,4934.0,16112.0,989896.0,1051039.0
E5035_2021-22,E5035,Croydon,2021-22,fund,48807.0,9537.0,0.0,1389.0,139.0,10034.0,0.0,17044.0,0.0,86950.0,14191.0,47870.0,8550.0,26061.0,0.0,96672.0,133.0,9925.0,8772.0,11856.0,30680.0,1537697.0,1727895.0
E5042_2021-22,E5042,Hounslow,2021-22,fund,37236.0,8306.0,0.0,1104.0,123.0,3862.0,0.0,6585.0,0.0,57216.0,9977.0,33229.0,25520.0,5963.0,0.0,74689.0,102.0,6780.0,7709.0,9272.0,23770.0,1171367.0,1251300.0
E5046_2021-22,E5046,Redbridge,2021-22,fund,29575.0,5702.0,0.0,862.0,0.0,5788.0,0.0,3691.0,70.0,45688.0,8662.0,29817.0,7160.0,2502.0,0.0,48141.0,29.0,5364.0,4806.0,8844.0,19014.0,961408.0,1009952.0
E5049_2021-22,E5049,Waltham Forest,2021-22,fund,40160.0,8299.0,0.0,1486.0,170.0,6258.0,0.0,10826.0,0.0,67199.0,10401.0,25907.0,15930.0,4550.0,0.0,56788.0,106.0,6939.0,8025.0,10242.0,25301.0,1052557.0,1047940.0
E1421_2022-23,E1421,East Sussex,2022-23,fund,118076.0,19491.0,0.0,2844.0,0.0,6283.0,0.0,30756.0,0.0,177450.0,35219.0,108941.0,73668.0,5630.0,0.0,223458.0,205.0,24938.0,23884.0,37049.0,86307.0,4687666.0,4578547.0
E1721_2022-23,E1721,Hampshire,2022-23,fund,251005.0,21920.0,23812.0,8489.0,0.0,20929.0,0.0,75256.0,1231.0,402642.0,84742.0,137478.0,175865.0,22195.0,0.0,420280.0,349.0,61733.0,51895.0,87084.0,201764.0,9626874.0,8964568.0
E3320_2022-23,E3320,Somerset,2022-23,fund,90903.0,13473.0,0.0,2073.0,0.0,11761.0,0.0,11864.0,728.0,130802.0,26079.0,96627.0,10914.0,9175.0,2486.0,145281.0,209.0,20917.0,20399.0,29195.0,71102.0,2845096.0,2805399.0
E3620_2022-23,E3620,Surrey,2022-23,fund,151030.0,21206.0,0.0,4514.0,138.0,26341.0,0.0,19765.0,8131.0,231125.0,49142.0,158055.0,41850.0,36287.0,0.0,285334.0,434.0,35422.0,30033.0,51804.0,117609.0,5357594.0,5291396.0
E5016_2022-23,E5016,Kensington & Chelsea,2022-23,fund,30728.0,4705.0,0.0,1031.0,0.0,6558.0,0.0,5928.0,0.0,48950.0,9814.0,22053.0,8650.0,7420.0,37.0,47974.0,34.0,3902.0,3689.0,5670.0,13307.0,1630844.0,1583867.0
E5040_2022-23,E5040,Havering,2022-23,fund,34423.0,6946.0,0.0,1161.0,0.0,3829.0,0.0,5940.0,0.0,52299.0,8831.0,44280.0,16484.0,3029.0,0.0,72624.0,55.0,6692.0,6775.0,6750.0,20291.0,920083.0,895752.0
E5043_2022-23,E5043,Kingston upon Thames,2022-23,fund,30423.0,4826.0,0.0,837.0,0.0,5252.0,0.0,10150.0,52.0,51540.0,9468.0,29597.0,12921.0,11444.0,0.0,63430.0,36.0,5576.0,5188.0,7972.0,18736.0,1106172.0,1077925.0
W7702_2022-23,W7702,Swansea UA,2022-23,fund,75861.0,16115.0,0.0,2416.0,0.0,4230.0,0.0,14107.0,248.0,112977.0,23915.0,95666.0,32230.0,4179.0,14.0,156004.0,52.0,22699.0,14711.0,12390.0,49826.0,2924232.0,2905758.0
E9999_2023-24,E9999,England,2023-24,national_total,10469962.0,1723272.0,201550.0,283297.0,8324.0,1158423.0,1510.0,1972845.0,36960.0,15856143.0,2810238.0,9725776.0,5481385.0,1065380.0,52213.0,19134992.0,20479.0,1987432.0,1957324.0,2319793.0,6286374.0,332084972.0,361535490.0
E0421_2023-24,E0421,Buckinghamshire,2023-24,fund,122522.0,21744.0,0.0,3985.0,0.0,18247.0,0.0,33532.0,0.0,200030.0,43031.0,136329.0,24643.0,29337.0,167.0,233507.0,454.0,26269.0,23666.0,33258.0,83655.0,3741873.0,4164235.0
E0702_2023-24,E0702,Middlesbrough UA,2023-24,fund,150993.0,27950.0,0.0,3569.0,0.0,12319.0,0.0,10065.0,0.0,204896.0,36714.0,79614.0,60376.0,8055.0,2060.0,186819.0,158.0,27047.0,28524.0,28019.0,84414.0,5029789.0,5479402.0
E1920_2023-24,E1920,Hertfordshire,2023-24,fund,172603.0,30560.0,0.0,4523.0,0.0,22579.0,0.0,30609.0,720.0,261594.0,51444.0,176009.0,63880.0,20814.0,257.0,312404.0,534.0,44709.0,33689.0,45132.0,123922.0,5744466.0,6252236.0
E5011_2023-24,E5011,Camden,2023-24,fund,60119.0,7994.0,0.0,1119.0,207.0,12147.0,0.0,1949.0,54.0,83589.0,14762.0,44184.0,34355.0,4260.0,20.0,97581.0,85.0,5893.0,7626.0,9460.0,23146.0,1925519.0,2097699.0
E5042_2023-24,E5042,Hounslow,2023-24,fund,42518.0,7775.0,0.0,1147.0,253.0,5953.0,0.0,5789.0,0.0,63435.0,11729.0,35006.0,33642.0,7007.0,116.0,87500.0,119.0,6892.0,8390.0,9207.0,24496.0,1212800.0,1332000.0
E9999_2024-25,E9999,England,2024-25,national_total,11445980.0,2180799.0,251805.0,314654.0,14539.0,1291967.0,1737.0,2134168.0,36990.0,17672639.0,2975146.0,9282413.0,6506438.0,1245705.0,84857.0,20094559.0,21424.0,2004271.0,2034674.0,2343092.0,6405241.0,361629728.0,371428099.0
E0920_2024-25,E0920,Cumbria,2024-25,fund,102044.0,23254.0,0.0,2757.0,0.0,7488.0,0.0,25457.0,0.0,161000.0,25872.0,75441.0,77863.0,10280.0,0.0,189456.0,109.0,21244.0,20819.0,25101.0,67223.0,3408111.0,3475690.0
E2001_2024-25,E2001,East Riding of Yorkshire UA,2024-25,fund,186864.0,13332.0,26394.0,5521.0,478.0,22245.0,0.0,6438.0,0.0,261272.0,53598.0,139147.0,225608.0,12281.0,19979.0,450613.0,521.0,41588.0,40991.0,48829.0,131526.0,6819103.0,7059920.0
E3120_2024-25,E3120,Oxfordshire,2024-25,fund,106189.0,20492.0,0.0,2971.0,0.0,17027.0,0.0,23989.0,634.0,171302.0,33986.0,105429.0,29454.0,27574.0,19.0,196462.0,150.0,22462.0,20368.0,32102.0,75407.0,3541434.0,3650072.0
E3520_2024-25,E3520,Suffolk,2024-25,fund,116134.0,23474.0,0.0,2711.0,2948.0,13871.0,0.0,15618.0,0.0,174756.0,33295.0,111325.0,123849.0,11933.0,0.0,280402.0,452.0,23852.0,21121.0,29632.0,74646.0,4252797.0,4470795.0
E3921_2024-25,E3921,Wiltshire,2024-25,fund,107219.0,20375.0,0.0,3072.0,0.0,18831.0,598.0,42186.0,0.0,192281.0,32448.0,116304.0,36361.0,20636.0,0.0,205749.0,166.0,26150.0,23407.0,39487.0,89077.0,3348468.0,3459491.0
E6902_2024-25,E6902,Merseyside Pension Fund,2024-25,fund,378437.0,47202.0,49094.0,8927.0,0.0,24176.0,0.0,55002.0,720.0,563558.0,79477.0,201885.0,353864.0,23760.0,0.0,658986.0,269.0,49848.0,59726.0,48068.0,157801.0,10821015.0,10960760.0
E6903_2024-25,E6903,South Yorkshire Pensions Fund,2024-25,fund,331403.0,84465.0,0.0,10789.0,0.0,30569.0,0.0,102515.0,878.0,560619.0,81865.0,187072.0,68629.0,32913.0,5647.0,376126.0,804.0,51682.0,63544.0,63921.0,181178.0,10984042.0,11112462.0
W7102_2024-25,W7102,Carmarthenshire UA,2024-25,fund,100193.0,21033.0,0.0,2685.0,0.0,9402.0,0.0,12266.0,0.0,145579.0,28286.0,78605.0,56130.0,8544.0,0.0,171565.0,94.0,19583.0,17584.0,16563.0,53762.0,3467562.0,3562480.0
W7404_2024-25,W7404,Rhondda Cynon Taff UA,2024-25,fund,143315.0,41170.0,0.0,4744.0,0.0,16852.0,0.0,21043.0,380.0,227504.0,38607.0,124369.0,82941.0,20218.0,8.0,266143.0,107.0,24298.0,23796.0,30908.0,79438.0,4711849.0,4782764.0
W7702_2024-25,W7702,Swansea UA,2024-25,fund,92696.0,23842.0,0.0,3474.0,0.0,6837.0,0.0,18677.0,304.0,145830.0,26982.0,94838.0,35551.0,9226.0,308.0,166905.0,55.0,22357.0,16959.0,12418.0,51776.0,3322682.0,3476397.0
E1021_2016-17,E1021,Derbyshire,2016-17,fund,113127.0,14110.0,14324.0,3931.0,0.0,6180.0,0.0,21279.0,709.0,173660.0,37759.0,119118.0,84331.0,7160.0,0.0,248368.0,226.0,43739.0,26996.0,27055.0,98393.0,3671821.0,4472569.0
E2001_2016-17,E2001,East Riding of Yorkshire UA,2016-17,fund,114214.0,26412.0,0.0,3489.0,0.0,6309.0,0.0,5573.0,0.0,155997.0,34457.0,138636.0,141798.0,2627.0,0.0,317518.0,315.0,38034.0,26068.0,39573.0,103734.0,3714119.0,4525027.0
E2520_2016-17,E2520,Lincolnshire,2016-17,fund,66666.0,11920.0,0.0,1633.0,0.0,2988.0,0.0,11841.0,221.0,95269.0,19233.0,69653.0,29264.0,5170.0,1198.0,124518.0,338.0,25065.0,18292.0,30998.0,74368.0,1750249.0,2099939.0
E2620_2016-17,E2620,Norfolk,2016-17,fund,103970.0,20674.0,0.0,2480.0,0.0,4235.0,341.0,17183.0,0.0,148883.0,27983.0,101936.0,61391.0,7961.0,0.0,199271.0,398.0,28254.0,23279.0,34169.0,85894.0,2904798.0,3429247.0
E3021_2016-17,E3021,Nottinghamshire,2016-17,fund,146132.0,31093.0,0.0,4726.0,0.0,14746.0,0.0,6890.0,0.0,203587.0,43495.0,135650.0,141688.0,4068.0,0.0,324901.0,442.0,44561.0,34094.0,51095.0,129750.0,4066670.0,4932368.0
E3221_2016-17,E3221,Shropshire,2016-17,fund,54534.0,9021.0,0.0,1256.0,0.0,6736.0,0.0,13717.0,298.0,85562.0,13927.0,47049.0,23155.0,2854.0,0.0,86985.0,164.0,16811.0,11478.0,16818.0,45317.0,1497725.0,1768270.0
E3921_2016-17,E3921,Wiltshire,2016-17,fund,65540.0,11141.0,0.0,2133.0,0.0,4396.0,412.0,11181.0,0.0,94803.0,19156.0,76745.0,10076.0,3604.0,0.0,109581.0,175.0,21245.0,15497.0,28087.0,64855.0,1838661.0,2187470.0
E5014_2016-17,E5014,Hammersmith & Fulham,2016-17,fund,30002.0,5093.0,0.0,592.0,0.0,5046.0,0.0,3404.0,37.0,44174.0,6937.0,22494.0,12799.0,2090.0,753.0,45073.0,51.0,4092.0,4628.0,6504.0,15224.0,856319.0,1002832.0
E5035_2016-17,E5035,Croydon,2016-17,fund,40424.0,8779.0,0.0,1435.0,78.0,4162.0,0.0,6466.0,0.0,61344.0,11263.0,75942.0,16572.0,4684.0,0.0,108461.0,105.0,8772.0,7354.0,8882.0,25008.0,877026.0,1104055.0
E5042_2016-17,E5042,Hounslow,2016-17,fund,28740.0,6696.0,0.0,472.0,0.0,1620.0,0.0,2124.0,0.0,39652.0,8227.0,25879.0,23963.0,1947.0,0.0,60016.0,76.0,7047.0,5968.0,8042.0,21090.0,779241.0,945007.0
E5048_2016-17,E5048,Sutton,2016-17,fund,20435.0,3464.0,0.0,631.0,0.0,1914.0,0.0,3263.0,74.0,29781.0,5661.0,24608.0,4420.0,3847.0,0.0,38536.0,86.0,5305.0,3836.0,4301.0,13442.0,507121.0,618157.0
W7702_2016-17,W7702,Swansea UA,2016-17,fund,58454.0,15417.0,0.0,2362.0,0.0,4750.0,0.0,6653.0,120.0,87756.0,16903.0,64818.0,29838.0,3841.0,194.0,115594.0,35.0,17703.0,12200.0,11583.0,41686.0,1512629.0,1855882.0
E9999_2016-17,E9999,England,2016-17,national_total,7196147.239130001,1422229.34317,111113.0,199866.69925,2765.0,1204113.98244,4167.99313,955730.87353,29094.44266,11125228.573309999,1968591.80861,6942470.82582,3754985.7175700003,1139991.8295800001,56574.63347,13862614.815049998,15465.0,1829315.0,1503523.0,1897920.0,5241777.0,200812168.17846,242777865.90277866
EW001_2016-17,EW001,England & Wales,2016-17,national_total,7675278.239130001,1510715.54469,127773.79848,216301.69925,3186.0,1243370.98244,4362.99313,1034884.87353,30556.44266,11846430.573309999,2104787.8086099997,7418287.82582,3941998.7175700003,1168221.8295800001,63837.63347,14697133.815049998,15959.0,1963761.0,1598928.0,2010532.0,5584989.0,213927545.17846,258778850.90277866
E3520_2017-18,E3520,Suffolk,2017-18,fund,75385.0,14461.0,0.0,1721.0,0.0,4638.0,0.0,16416.0,63.0,112684.0,20213.0,88124.0,35478.0,4056.0,0.0,147871.0,285.0,19950.0,15661.0,25038.0,60649.0,2648665.0,2762481.0
E3720_2017-18,E3720,Warwickshire,2017-18,fund,59400.0,11700.0,0.0,1900.0,0.0,8300.0,0.0,10590.0,248.0,92138.0,16730.0,49055.0,27390.0,11410.0,0.0,104585.0,249.0,16934.0,13007.0,17639.0,47580.0,1978808.0,2037334.0
E5035_2017-18,E5035,Croydon,2017-18,fund,42381.0,6731.0,0.0,1177.0,139.0,4783.0,0.0,6845.0,0.0,62056.0,12038.0,32140.0,12661.0,7880.0,0.0,64719.0,119.0,9670.0,7492.0,9463.0,26625.0,1104055.0,1139443.0
E5046_2017-18,E5046,Redbridge,2017-18,fund,25714.0,7030.0,0.0,1085.0,0.0,1785.0,0.0,3203.0,87.0,38904.0,6988.0,28324.0,7540.0,2958.0,0.0,45810.0,23.0,5375.0,5106.0,7265.0,17774.0,743423.0,772124.0
E0820_2018-19,E0820,Cornwall,2018-19,fund,59586.0,7194.0,6380.0,1808.0,0.0,2866.0,0.0,17359.0,508.0,95701.0,17526.0,74025.0,24498.0,3559.0,10.0,119618.0,195.0,18084.0,14189.0,21060.0,53604.0,1798106.0,1929970.0
E1221_2018-19,E1221,Dorset,2018-19,fund,98737.0,17771.0,0.0,3604.0,0.0,5404.0,0.0,14345.0,296.0,140157.0,27922.0,94290.0,30533.0,5938.0,0.0,158683.0,297.0,25068.0,22135.0,23930.0,71669.0,2868218.0,3029952.0
E1321_2018-19,E1321,Durham,2018-19,fund,102008.0,26989.0,0.0,1944.0,0.0,6367.0,0.0,15458.0,257.0,153023.0,24370.0,74698.0,26513.0,4033.0,3.0,129617.0,114.0,20115.0,19404.0,15987.0,55563.0,2801739.0,2982039.0
E1421_2018-19,E1421,East Sussex,2018-19,fund,107805.0,19732.0,0.0,3004.0,0.0,3409.0,0.0,14038.0,0.0,147988.0,29613.0,101093.0,25919.0,6113.0,0.0,162738.0,177.0,23060.0,20113.0,31421.0,74975.0,3383380.0,3632863.0
E2221_2018-19,E2221,Kent,2018-19,fund,192254.0,38006.0,0.0,5693.0,0.0,12585.0,0.0,27184.0,0.0,275722.0,53904.0,184427.0,112155.0,9427.0,0.0,359913.0,680.0,51345.0,40786.0,44332.0,137416.0,5828846.0,6218169.0
E5013_2018-19,E5013,Hackney,2018-19,fund,44773.0,10024.0,0.0,1394.0,0.0,4223.0,0.0,8176.0,194.0,68784.0,12650.0,63153.0,12316.0,8841.0,0.0,96960.0,37.0,6728.0,7042.0,10352.0,24122.0,1439864.0,1547819.0
E5039_2018-19,E5039,Harrow,2018-19,fund,28765.0,4343.0,0.0,419.0,95.0,3002.0,0.0,5731.0,16.0,42371.0,6875.0,24882.0,8951.0,3247.0,0.0,43955.0,31.0,5355.0,5839.0,6966.0,18301.0,816131.0,851332.0
E5049_2018-19,E5049,Waltham Forest,2018-19,fund,35735.0,7406.0,0.0,869.0,0.0,4649.0,97.0,10235.0,0.0,58991.0,8761.0,20562.0,8846.0,4515.0,0.0,42684.0,132.0,6281.0,7500.0,9659.0,23452.0,842433.0,924413.0
E6903_2018-19,E6903,South Yorkshire Pensions Fund,2018-19,fund,226681.0,60445.0,32.0,6143.0,0.0,16844.0,0.0,53237.0,485.0,363867.0,57586.0,140854.0,129482.0,61767.0,8006.0,397695.0,493.0,49145.0,51320.0,58052.0,159779.0,8030353.0,8439965.0
E3120_2019-20,E3120,Oxfordshire,2019-20,fund,75227.0,11475.0,0.0,2555.0,0.0,6939.0,17.0,12433.0,387.0,109033.0,24169.0,76676.0,18183.0,13021.0,149.0,132198.0,196.0,20171.0,16274.0,27874.0,64645.0,2514650.0,2363352.0
E5012_2019-20,E5012,Greenwich,2019-20,fund,46013.0,5308.0,4554.0,1623.0,0.0,3505.0,0.0,7776.0,221.0,69000.0,13995.0,37730.0,7708.0,3470.0,0.0,62903.0,71.0,8852.0,7341.0,9572.0,25778.0,1332469.0,1238411.0
E5033_2019-20,E5033,Brent,2019-20,fund,38555.0,8542.0,0.0,843.0,0.0,5944.0,0.0,3883.0,0.0,57767.0,8470.0,51512.0,1140.0,5245.0,0.0,66367.0,138.0,7044.0,6986.0,7910.0,21940.0,864591.0,838985.0
E5034_2019-20,E5034,Bromley,2019-20,fund,29076.0,5069.0,0.0,589.0,0.0,3064.0,0.0,5319.0,133.0,43250.0,7091.0,27470.0,22668.0,5511.0,0.0,62740.0,117.0,5887.0,5147.0,5616.0,16654.0,1041103.0,1000994.0
W7404_2019-20,W7404,Rhondda Cynon Taff UA,2019-20,fund,109079.0,20072.0,0.0,2431.0,0.0,11804.0,4.0,13121.0,245.0,156756.0,28210.0,111060.0,51778.0,8078.0,2.0,199128.0,86.0,23246.0,20132.0,28330.0,71851.0,3456644.0,3350224.0
EW001_2019-20,EW001,England & Wales,2019-20,national_total,8883248.0,1615962.0,171892.0,238674.0,9376.0,950312.0,1398.0,1486694.0,36993.0,13394549.0,2326434.0,7679556.0,4403691.0,1507164.0,60426.0,15977271.0,18595.0,1999960.0,1797912.0,2246216.0,6058548.0,286696059.0,272395294.0
E0101_2020-21,E0101,Bath & North East Somerset,2020-21,fund,155336.0,24017.0,0.0,3898.0,0.0,4701.0,0.0,23684.0,0.0,211636.0,44380.0,166796.0,21017.0,8235.0,0.0,240428.0,639.0,39823.0,34925.0,42720.0,117512.0,4471822.0,5308710.0
E5032_2020-21,E5032,Bexley,2020-21,fund,28727.0,4101.0,0.0,554.0,0.0,5483.0,0.0,5376.0,0.0,44241.0,6144.0,17753.0,12903.0,5743.0,0.0,42543.0,77.0,5253.0,5757.0,4931.0,15959.0,848482.0,989896.0
E0702_2021-22,E0702,Middlesbrough UA,2021-22,fund,127421.0,22750.0,0.0,3587.0,0.0,5974.0,0.0,8128.0,0.0,167860.0,29934.0,67732.0,176366.0,2371.0,3626.0,280029.0,175.0,25434.0,26212.0,26249.0,78653.0,4559448.0,5073398.0
E0820_2021-22,E0820,Cornwall,2021-22,fund,69079.0,7667.0,6799.0,1652.0,0.0,4706.0,0.0,20456.0,279.0,110638.0,18868.0,77091.0,17162.0,5332.0,4.0,118457.0,223.0,18131.0,16936.0,21842.0,57246.0,2222204.0,2362903.0
E1920_2021-22,E1920,Hertfordshire,2021-22,fund,146641.0,23379.0,0.0,4539.0,0.0,15344.0,0.0,24114.0,774.0,214791.0,43426.0,154144.0,46636.0,13183.0,4.0,257393.0,501.0,39380.0,30984.0,43707.0,114372.0,5876053.0,6162378.0
E2101_2021-22,E2101,Isle of Wight UA,2021-22,fund,20110.0,3207.0,0.0,750.0,0.0,815.0,0.0,5750.0,148.0,30780.0,4282.0,16575.0,14433.0,953.0,173.0,36416.0,48.0,4307.0,5293.0,7291.0,16898.0,695385.0,723602.0
E2620_2021-22,E2620,Norfolk,2021-22,fund,129561.0,21194.0,0.0,4261.0,0.0,12293.0,355.0,26760.0,0.0,194424.0,35093.0,134717.0,69637.0,7819.0,0.0,247266.0,551.0,29839.0,28490.0,40305.0,98780.0,4527097.0,4912180.0
E3921_2021-22,E3921,Wiltshire,2021-22,fund,83955.0,15683.0,0.0,2222.0,0.0,7862.0,461.0,33016.0,0.0,143199.0,25141.0,99372.0,13594.0,8291.0,0.0,146398.0,186.0,23324.0,20288.0,40825.0,84468.0,2959985.0,3230387.0
E5014_2021-22,E5014,Hammersmith & Fulham,2021-22,fund,37839.0,9080.0,0.0,1017.0,271.0,5737.0,0.0,9915.0,0.0,63859.0,8735.0,25568.0,11196.0,8617.0,0.0,54116.0,100.0,4817.0,5702.0,6668.0,17187.0,1219223.0,1324913.0
W7601_2021-22,W7601,Cardiff UA,2021-22,fund,72694.0,11398.0,608.0,2739.0,0.0,5030.0,0.0,8295.0,135.0,100899.0,22307.0,75155.0,26156.0,4577.0,2603.0,130798.0,91.0,16826.0,12537.0,13602.0,42993.0,2510075.0,2693117.0
E1221_2022-23,E1221,Dorset UA,2022-23,fund,120256.0,17446.0,0.0,3604.0,0.0,6342.0,0.0,17947.0,406.0,166001.0,32310.0,109217.0,19535.0,5708.0,0.0,166770.0,339.0,29289.0,26181.0,25410.0,80934.0,3703800.0,3526349.0
E5019_2022-23,E5019,Southwark,2022-23,fund,55560.0,13596.0,0.0,2546.0,0.0,4322.0,0.0,11761.0,0.0,87785.0,15391.0,47185.0,22450.0,3285.0,0.0,88311.0,82.0,7647.0,8512.0,9032.0,25191.0,2125356.0,2012803.0
W7501_2022-23,W7501,Powys UA,2022-23,fund,25500.0,4301.0,0.0,678.0,0.0,1119.0,0.0,5937.0,130.0,37665.0,6291.0,25389.0,5732.0,2146.0,2.0,39560.0,38.0,5497.0,5331.0,7213.0,18159.0,795220.0,777087.0
E9999_2022-23,E9999,England,2022-23,national_total,9372225.0,1534334.0,163145.0,264626.0,6186.0,891721.0,1517.0,1916655.0,34692.0,14185101.0,2595440.0,7680601.0,4748304.0,897398.0,37884.0,15959627.0,19710.0,1937563.0,1885260.0,2280902.0,6123622.0,340831680.0,332083408.0
E0521_2023-24,E0521,Cambridgeshire,2023-24,fund,115544.0,20353.0,0.0,2756.0,0.0,15918.0,0.0,25473.0,36.0,180080.0,36248.0,130282.0,62246.0,23390.0,0.0,252166.0,197.0,29036.0,23424.0,47379.0,99839.0,4231796.0,4757975.0
E2421_2023-24,E2421,Leicestershire,2023-24,fund,163300.0,39200.0,0.0,4300.0,0.0,16100.0,0.0,54400.0,0.0,277300.0,54300.0,233900.0,75500.0,8100.0,0.0,371800.0,317.0,39887.0,33765.0,31795.0,107246.0,5774300.0,6391500.0
E3720_2023-24,E3720,Warwickshire,2023-24,fund,82900.0,16800.0,0.0,1900.0,500.0,11800.0,0.0,24000.0,0.0,137900.0,24000.0,79300.0,28300.0,12200.0,0.0,143800.0,257.0,18712.0,17417.0,21935.0,58369.0,2729000.0,2946200.0
W9999_2024-25,W9999,Wales,2024-25,national_total,753322.0,178499.0,19377.0,22233.0,1276.0,80519.0,0.0,137328.0,21191.0,1213745.0,214284.0,686644.0,416376.0,81966.0,7224.0,1406494.0,675.0,151287.0,129548.0,132303.0,414792.0,25083775.0,25889142.0
E0221_2024-25,E0221,Bedfordshire,2024-25,fund,112959.0,10072.0,15668.0,4397.0,0.0,22230.0,0.0,27302.0,0.0,192628.0,36758.0,123548.0,43772.0,17377.0,0.0,221455.0,225.0,24640.0,22732.0,35771.0,83168.0,3468273.0,3654497.0
E1521_2024-25,E1521,Essex,2024-25,fund,291617.0,53478.0,0.0,7253.0,1757.0,30664.0,0.0,93841.0,1199.0,479809.0,82917.0,288752.0,254611.0,27275.0,3390.0,656945.0,777.0,56878.0,53186.0,72056.0,183353.0,10909038.0,11496035.0
E2221_2024-25,E2221,Kent,2024-25,fund,276634.0,47587.0,0.0,8330.0,0.0,16129.0,0.0,40132.0,0.0,388812.0,76820.0,275670.0,169754.0,24781.0,0.0,547025.0,818.0,55614.0,50940.0,50531.0,158479.0,8142551.0,8451611.0
E2321_2024-25,E2321,Lancashire,2024-25,fund,326652.0,76436.0,0.0,8291.0,0.0,28102.0,0.0,98252.0,0.0,537733.0,83468.0,164688.0,234807.0,27283.0,0.0,510246.0,369.0,67504.0,61570.0,76165.0,206947.0,11746700.0,11974200.0
E5022_2024-25,E5022,Westminster,2024-25,fund,61948.0,4215.0,5025.0,1547.0,0.0,10124.0,0.0,15818.0,436.0,99113.0,16282.0,38990.0,29473.0,13405.0,98.0,98248.0,63.0,5185.0,6894.0,7230.0,19401.0,2007470.0,2095656.0
E5034_2024-25,E5034,Bromley,2024-25,fund,37321.0,5790.0,0.0,593.0,0.0,5792.0,0.0,8902.0,41.0,58439.0,10447.0,30218.0,49711.0,6049.0,0.0,96425.0,135.0,6850.0,6365.0,8066.0,21286.0,1388480.0,1488707.0
